"AA,0"
"AACG,0"
"AACQ,0"
"AACQU,0"
"AACQW,0"
"AAIC,0"
"AAL,0"
"AAME,0"
"AAN,0"
"AAOI,0"
"AAON,0"
"AAP,0"
"AAPL,0"
"AAT,0"
"AAWW,0"
"AB,0"
"ABB,0"
"ABBV,0"
"ABC,0"
"ABCB,0"
"ABCL,0"
"ABCM,0"
"ABEO,0"
"ABEV,0"
"ABG,0"
"ABIO,0"
"ABM,0"
"ABMD,0"
"ABNB,0"
"ABR,0"
"ABST,0"
"ABT,0"
"ABTX,0"
"ABUS,0"
"AC,0"
"ACA,0"
"ACAC,0"
"ACACU,0"
"ACACW,0"
"ACAD,0"
"ACB,0"
"ACBI,0"
"ACC,0"
"ACCD,0"
"ACCO,0"
"ACEL,0"
"ACER,0"
"ACET,0"
"ACEV,0"
"ACEVU,0"
"ACEVW,0"
"ACGL,0"
"ACGLO,0"
"ACGLP,0"
"ACH,0"
"ACHC,0"
"ACHV,0"
"ACI,0"
"ACIA,0"
"ACIC,0"
"ACIC.U,0"
"ACIC.WS,0"
"ACIU,0"
"ACIW,0"
"ACKIU,0"
"ACLS,0"
"ACM,0"
"ACMR,0"
"ACN,0"
"ACNB,0"
"ACND,0"
"ACND.U,0"
"ACND.WS,0"
"ACOR,0"
"ACP,0"
"ACRE,0"
"ACRS,0"
"ACRX,0"
"ACST,0"
"ACTC,0"
"ACTCU,0"
"ACTCW,0"
"ACTG,0"
"ACV,0"
"ADAP,0"
"ADBE,0"
"ADC,0"
"ADCT,0"
"ADERU,0"
"ADES,0"
"ADEX.U,0"
"ADI,0"
"ADIL,0"
"ADILW,0"
"ADM,0"
"ADMA,0"
"ADMP,0"
"ADMS,0"
"ADNT,0"
"ADOC,0"
"ADOCR,0"
"ADOCW,0"
"ADP,0"
"ADPT,0"
"ADS,0"
"ADSK,0"
"ADT,0"
"ADTN,0"
"ADTX,0"
"ADUS,0"
"ADV,0"
"ADVM,0"
"ADVWW,0"
"ADX,0"
"ADXN,0"
"ADXS,0"
"AEACU,0"
"AEB,0"
"AEE,0"
"AEFC,0"
"AEG,0"
"AEGN,0"
"AEHL,0"
"AEHR,0"
"AEIS,0"
"AEL,0"
"AEL.PRA,0"
"AEL.PRB,0"
"AEM,0"
"AEMD,0"
"AENZ,0"
"AEO,0"
"AEP,0"
"AEPPL,0"
"AEPPZ,0"
"AER,0"
"AERI,0"
"AES,0"
"AESE,0"
"AEY,0"
"AEYE,0"
"AEZS,0"
"AFB,0"
"AFBI,0"
"AFC,0"
"AFG,0"
"AFGB,0"
"AFGC,0"
"AFGD,0"
"AFGE,0"
"AFI,0"
"AFIB,0"
"AFIN,0"
"AFINO,0"
"AFINP,0"
"AFL,0"
"AFMD,0"
"AFRM,0"
"AFT,0"
"AFYA,0"
"AG,0"
"AGBA,0"
"AGBAR,0"
"AGBAU,0"
"AGBAW,0"
"AGC,0"
"AGCB,0"
"AGCO,0"
"AGCUU,0"
"AGCWW,0"
"AGD,0"
"AGEN,0"
"AGFS,0"
"AGFY,0"
"AGI,0"
"AGIO,0"
"AGLE,0"
"AGM,0"
"AGM.A,0"
"AGM.PRC,0"
"AGM.PRD,0"
"AGM.PRE,0"
"AGM.PRF,0"
"AGMH,0"
"AGNC,0"
"AGNCM,0"
"AGNCN,0"
"AGNCO,0"
"AGNCP,0"
"AGR,0"
"AGRO,0"
"AGRX,0"
"AGS,0"
"AGTC,0"
"AGX,0"
"AGYS,0"
"AHAC,0"
"AHACU,0"
"AHACW,0"
"AHC,0"
"AHCO,0"
"AHH,0"
"AHH.PRA,0"
"AHL.PRC,0"
"AHL.PRD,0"
"AHL.PRE,0"
"AHPI,0"
"AHT,0"
"AHT.PRD,0"
"AHT.PRF,0"
"AHT.PRG,0"
"AHT.PRH,0"
"AHT.PRI,0"
"AI,0"
"AIC,0"
"AIF,0"
"AIG,0"
"AIG.PRA,0"
"AIH,0"
"AIHS,0"
"AIKI,0"
"AIMC,0"
"AIN,0"
"AINV,0"
"AIO,0"
"AIR,0"
"AIRC,0"
"AIRG,0"
"AIRT,0"
"AIRTP,0"
"AIRTW,0"
"AIT,0"
"AIV,0"
"AIW,0"
"AIZ,0"
"AIZN,0"
"AIZP,0"
"AJAX,0"
"AJAX.U,0"
"AJAX.WS,0"
"AJG,0"
"AJRD,0"
"AJX,0"
"AJXA,0"
"AKAM,0"
"AKBA,0"
"AKER,0"
"AKICU,0"
"AKO/A,0"
"AKO/B,0"
"AKR,0"
"AKRO,0"
"AKTS,0"
"AKTX,0"
"AKU,0"
"AKUS,0"
"AL,0"
"AL.PRA,0"
"ALAC,0"
"ALACR,0"
"ALACU,0"
"ALACW,0"
"ALB,0"
"ALBO,0"
"ALC,0"
"ALCO,0"
"ALDX,0"
"ALE,0"
"ALEC,0"
"ALEX,0"
"ALG,0"
"ALGM,0"
"ALGN,0"
"ALGS,0"
"ALGT,0"
"ALIM,0"
"ALIN.PRA,0"
"ALIN.PRB,0"
"ALIN.PRE,0"
"ALJJ,0"
"ALK,0"
"ALKS,0"
"ALL.PRB,0"
"ALL.PRG,0"
"ALL.PRH,0"
"ALL.PRI,0"
"ALLE,0"
"ALLK,0"
"ALLO,0"
"ALLT,0"
"ALLY,0"
"ALLY.PRA,0"
"ALNA,0"
"ALNY,0"
"ALOT,0"
"ALP.PRQ,0"
"ALPN,0"
"ALRM,0"
"ALRN,0"
"ALRS,0"
"ALSK,0"
"ALSN,0"
"ALT,0"
"ALTA,0"
"ALTG,0"
"ALTG.PRA,0"
"ALTG.WS,0"
"ALTM,0"
"ALTR,0"
"ALTU,0"
"ALTUU,0"
"ALTUW,0"
"ALUS,0"
"ALUS.U,0"
"ALUS.WS,0"
"ALV,0"
"ALVR,0"
"ALX,0"
"ALXN,0"
"ALXO,0"
"ALYA,0"
"AMAL,0"
"AMAT,0"
"AMBA,0"
"AMBC,0"
"AMBC.WS,0"
"AMC,0"
"AMCI,0"
"AMCIU,0"
"AMCIW,0"
"AMCR,0"
"AMCX,0"
"AMD,0"
"AME,0"
"AMED,0"
"AMEH,0"
"AMG,0"
"AMGN,0"
"AMH,0"
"AMH.PRD,0"
"AMH.PRE,0"
"AMH.PRF,0"
"AMH.PRG,0"
"AMH.PRH,0"
"AMHC,0"
"AMHCU,0"
"AMHCW,0"
"AMK,0"
"AMKR,0"
"AMN,0"
"AMNB,0"
"AMOT,0"
"AMOV,0"
"AMP,0"
"AMPH,0"
"AMPY,0"
"AMRB,0"
"AMRC,0"
"AMRK,0"
"AMRN,0"
"AMRS,0"
"AMRX,0"
"AMSC,0"
"AMSF,0"
"AMST,0"
"AMSWA,0"
"AMT,0"
"AMTB,0"
"AMTBB,0"
"AMTI,0"
"AMTX,0"
"AMWD,0"
"AMWL,0"
"AMX,0"
"AMYT,0"
"AMZN,0"
"ANAB,0"
"ANAT,0"
"ANCN,0"
"ANDA,0"
"ANDAR,0"
"ANDAU,0"
"ANDAW,0"
"ANDE,0"
"ANET,0"
"ANF,0"
"ANGI,0"
"ANGO,0"
"ANH,0"
"ANH.PRA,0"
"ANH.PRB,0"
"ANH.PRC,0"
"ANIK,0"
"ANIP,0"
"ANIX,0"
"ANNX,0"
"ANPC,0"
"ANSS,0"
"ANTE,0"
"ANTM,0"
"AOD,0"
"AON,0"
"AONE,0"
"AONE.U,0"
"AONE.WS,0"
"AOS,0"
"AOSL,0"
"AOUT,0"
"AP,0"
"APA,0"
"APAM,0"
"APD,0"
"APDN,0"
"APEI,0"
"APEN,0"
"APG,0"
"APH,0"
"APHA,0"
"API,0"
"APLE,0"
"APLS,0"
"APLT,0"
"APM,0"
"APO,0"
"APO.PRA,0"
"APO.PRB,0"
"APOG,0"
"APOP,0"
"APOPW,0"
"APPF,0"
"APPN,0"
"APPS,0"
"APRE,0"
"APRN,0"
"APSG,0"
"APSG.U,0"
"APSG.WS,0"
"APTO,0"
"APTS,0"
"APTV,0"
"APTV.PRA,0"
"APTX,0"
"APVO,0"
"APWC,0"
"APXT,0"
"APXTU,0"
"APXTW,0"
"APYX,0"
"AQB,0"
"AQMS,0"
"AQN,0"
"AQNA,0"
"AQNB,0"
"AQST,0"
"AQUA,0"
"AR,0"
"ARAV,0"
"ARAY,0"
"ARBG,0"
"ARBGU,0"
"ARBGW,0"
"ARC,0"
"ARCB,0"
"ARCC,0"
"ARCE,0"
"ARCH,0"
"ARCO,0"
"ARCT,0"
"ARD,0"
"ARDC,0"
"ARDS,0"
"ARDX,0"
"AREC,0"
"ARES,0"
"ARES.PRA,0"
"ARGD,0"
"ARGO,0"
"ARGO.PRA,0"
"ARGX,0"
"ARI,0"
"ARKO,0"
"ARKOW,0"
"ARKR,0"
"ARL,0"
"ARLO,0"
"ARLP,0"
"ARMK,0"
"ARNA,0"
"ARNC,0"
"AROC,0"
"AROW,0"
"ARPO,0"
"ARQT,0"
"ARR,0"
"ARR.PRC,0"
"ARRY,0"
"ARTL,0"
"ARTLW,0"
"ARTNA,0"
"ARTW,0"
"ARVN,0"
"ARW,0"
"ARWR,0"
"ARYA,0"
"ASA,0"
"ASAN,0"
"ASAQ,0"
"ASAQ.U,0"
"ASAQ.WS,0"
"ASB,0"
"ASB.PRC,0"
"ASB.PRD,0"
"ASB.PRE,0"
"ASB.PRF,0"
"ASC,0"
"ASG,0"
"ASGI,0"
"ASGN,0"
"ASH,0"
"ASIX,0"
"ASLE,0"
"ASLEW,0"
"ASLN,0"
"ASMB,0"
"ASML,0"
"ASND,0"
"ASO,0"
"ASPL,0"
"ASPL.U,0"
"ASPL.WS,0"
"ASPN,0"
"ASPS,0"
"ASPU,0"
"ASR,0"
"ASRT,0"
"ASRV,0"
"ASRVP,0"
"ASTC,0"
"ASTE,0"
"ASUR,0"
"ASX,0"
"ASYS,0"
"ATA,0"
"ATA.U,0"
"ATA.WS,0"
"ATAC,0"
"ATAC.U,0"
"ATAC.WS,0"
"ATAX,0"
"ATCO,0"
"ATCO.PRD,0"
"ATCO.PRE,0"
"ATCO.PRG,0"
"ATCO.PRH,0"
"ATCO.PRI,0"
"ATCX,0"
"ATEC,0"
"ATEN,0"
"ATEX,0"
"ATGE,0"
"ATH,0"
"ATH.PRA,0"
"ATH.PRB,0"
"ATH.PRC,0"
"ATH.PRD,0"
"ATHA,0"
"ATHE,0"
"ATHM,0"
"ATHX,0"
"ATI,0"
"ATIF,0"
"ATKR,0"
"ATLC,0"
"ATLO,0"
"ATNF,0"
"ATNFW,0"
"ATNI,0"
"ATNX,0"
"ATO,0"
"ATOM,0"
"ATOS,0"
"ATR,0"
"ATRA,0"
"ATRC,0"
"ATRI,0"
"ATRO,0"
"ATRS,0"
"ATSG,0"
"ATTO,0"
"ATUS,0"
"ATV,0"
"ATVI,0"
"ATXI,0"
"AU,0"
"AUB,0"
"AUBAP,0"
"AUBN,0"
"AUDC,0"
"AUPH,0"
"AUTL,0"
"AUTO,0"
"AUUD,0"
"AUUDW,0"
"AUVI,0"
"AUY,0"
"AVA,0"
"AVAL,0"
"AVAN,0"
"AVAN.U,0"
"AVAN.WS,0"
"AVAV,0"
"AVB,0"
"AVCO,0"
"AVCT,0"
"AVCTW,0"
"AVD,0"
"AVDL,0"
"AVEO,0"
"AVGO,0"
"AVGOP,0"
"AVGR,0"
"AVID,0"
"AVIR,0"
"AVK,0"
"AVLR,0"
"AVNS,0"
"AVNT,0"
"AVNW,0"
"AVO,0"
"AVRO,0"
"AVT,0"
"AVTR,0"
"AVTR.PRA,0"
"AVXL,0"
"AVY,0"
"AVYA,0"
"AWF,0"
"AWH,0"
"AWI,0"
"AWK,0"
"AWP,0"
"AWR,0"
"AWRE,0"
"AX,0"
"AXAS,0"
"AXDX,0"
"AXGN,0"
"AXL,0"
"AXLA,0"
"AXNX,0"
"AXO,0"
"AXON,0"
"AXP,0"
"AXR,0"
"AXS,0"
"AXS.PRE,0"
"AXSM,0"
"AXTA,0"
"AXTI,0"
"AY,0"
"AYI,0"
"AYLA,0"
"AYRO,0"
"AYTU,0"
"AYTUP,0"
"AYX,0"
"AZEK,0"
"AZN,0"
"AZO,0"
"AZPN,0"
"AZRE,0"
"AZRX,0"
"AZUL,0"
"AZYO,0"
"AZZ,0"
"BA,0"
"BABA,0"
"BAC,0"
"BAC.PRA,0"
"BAC.PRB,0"
"BAC.PRE,0"
"BAC.PRK,0"
"BAC.PRL,0"
"BAC.PRM,0"
"BAC.PRN,0"
"BAC.PRO,0"
"BAC.PRP,0"
"BAF,0"
"BAH,0"
"BAK,0"
"BALY,0"
"BAM,0"
"BAMH,0"
"BAMI,0"
"BANC,0"
"BANC.PRD,0"
"BANC.PRE,0"
"BAND,0"
"BANF,0"
"BANFP,0"
"BANR,0"
"BANX,0"
"BAP,0"
"BASI,0"
"BATRA,0"
"BATRK,0"
"BAX,0"
"BB,0"
"BBAR,0"
"BBBY,0"
"BBCP,0"
"BBD,0"
"BBDC,0"
"BBDO,0"
"BBF,0"
"BBGI,0"
"BBI,0"
"BBIG,0"
"BBIO,0"
"BBK,0"
"BBL,0"
"BBN,0"
"BBQ,0"
"BBSI,0"
"BBU,0"
"BBVA,0"
"BBW,0"
"BBY,0"
"BC,0"
"BC.PRA,0"
"BC.PRB,0"
"BC.PRC,0"
"BCAB,0"
"BCAC,0"
"BCACU,0"
"BCACW,0"
"BCAT,0"
"BCBP,0"
"BCC,0"
"BCDA,0"
"BCDAW,0"
"BCE,0"
"BCEI,0"
"BCEL,0"
"BCH,0"
"BCLI,0"
"BCML,0"
"BCO,0"
"BCOR,0"
"BCOV,0"
"BCOW,0"
"BCPC,0"
"BCRX,0"
"BCS,0"
"BCSF,0"
"BCTG,0"
"BCTX,0"
"BCTXW,0"
"BCX,0"
"BCYC,0"
"BCYPU,0"
"BDC,0"
"BDGE,0"
"BDJ,0"
"BDN,0"
"BDSI,0"
"BDSX,0"
"BDTX,0"
"BDX,0"
"BDXB,0"
"BEAM,0"
"BEAT,0"
"BECN,0"
"BEDU,0"
"BEEM,0"
"BEEMW,0"
"BEKE,0"
"BELFA,0"
"BELFB,0"
"BEN,0"
"BENE,0"
"BENER,0"
"BENEU,0"
"BENEW,0"
"BEP,0"
"BEP.PRA,0"
"BEPC,0"
"BERY,0"
"BEST,0"
"BF/A,0"
"BF/B,0"
"BFAM,0"
"BFC,0"
"BFI,0"
"BFIIW,0"
"BFIN,0"
"BFK,0"
"BFRA,0"
"BFS,0"
"BFS.PRD,0"
"BFS.PRE,0"
"BFST,0"
"BFT,0"
"BFT.U,0"
"BFT.WS,0"
"BFY,0"
"BFZ,0"
"BG,0"
"BGB,0"
"BGCP,0"
"BGFV,0"
"BGH,0"
"BGIO,0"
"BGNE,0"
"BGR,0"
"BGS,0"
"BGSF,0"
"BGT,0"
"BGX,0"
"BGY,0"
"BH,0"
"BH.A,0"
"BHAT,0"
"BHC,0"
"BHE,0"
"BHF,0"
"BHFAL,0"
"BHFAN,0"
"BHFAO,0"
"BHFAP,0"
"BHK,0"
"BHLB,0"
"BHP,0"
"BHR,0"
"BHR.PRB,0"
"BHR.PRD,0"
"BHSE,0"
"BHSEU,0"
"BHSEW,0"
"BHTG,0"
"BHV,0"
"BHVN,0"
"BIDU,0"
"BIF,0"
"BIGC,0"
"BIIB,0"
"BILI,0"
"BILL,0"
"BIMI,0"
"BIO,0"
"BIO/B,0"
"BIOC,0"
"BIOL,0"
"BIOTU,0"
"BIP,0"
"BIP.PRA,0"
"BIP.PRB,0"
"BIPC,0"
"BIT,0"
"BIVI,0"
"BJ,0"
"BJRI,0"
"BK,0"
"BKCC,0"
"BKD,0"
"BKE,0"
"BKEP,0"
"BKEPP,0"
"BKH,0"
"BKI,0"
"BKN,0"
"BKNG,0"
"BKR,0"
"BKSC,0"
"BKT,0"
"BKU,0"
"BKYI,0"
"BL,0"
"BLBD,0"
"BLCM,0"
"BLCT,0"
"BLD,0"
"BLDP,0"
"BLDR,0"
"BLE,0"
"BLFS,0"
"BLI,0"
"BLIN,0"
"BLK,0"
"BLKB,0"
"BLL,0"
"BLMN,0"
"BLNK,0"
"BLNKW,0"
"BLPH,0"
"BLRX,0"
"BLSA,0"
"BLTSU,0"
"BLU,0"
"BLUA.U,0"
"BLUE,0"
"BLUWU,0"
"BLW,0"
"BLX,0"
"BMA,0"
"BME,0"
"BMEZ,0"
"BMI,0"
"BML.PRG,0"
"BML.PRH,0"
"BML.PRJ,0"
"BML.PRL,0"
"BMO,0"
"BMRA,0"
"BMRC,0"
"BMRN,0"
"BMTC,0"
"BMY,0"
"BNED,0"
"BNFT,0"
"BNGO,0"
"BNGOW,0"
"BNL,0"
"BNR,0"
"BNS,0"
"BNSO,0"
"BNTC,0"
"BNTX,0"
"BNY,0"
"BOAC,0"
"BOAC.U,0"
"BOAC.WS,0"
"BOCH,0"
"BOE,0"
"BOH,0"
"BOKF,0"
"BOKFL,0"
"BOMN,0"
"BOOM,0"
"BOOT,0"
"BORR,0"
"BOSC,0"
"BOTJ,0"
"BOWX,0"
"BOWXU,0"
"BOWXW,0"
"BOX,0"
"BOXL,0"
"BP,0"
"BPFH,0"
"BPMC,0"
"BPMP,0"
"BPOP,0"
"BPOPM,0"
"BPOPN,0"
"BPRN,0"
"BPT,0"
"BPTH,0"
"BPY,0"
"BPYPN,0"
"BPYPO,0"
"BPYPP,0"
"BPYU,0"
"BPYUP,0"
"BQ,0"
"BR,0"
"BRBR,0"
"BRC,0"
"BREZ,0"
"BREZR,0"
"BREZW,0"
"BRFS,0"
"BRID,0"
"BRK/A,0"
"BRK/B,0"
"BRKL,0"
"BRKR,0"
"BRKS,0"
"BRLI,0"
"BRLIR,0"
"BRLIU,0"
"BRLIW,0"
"BRMK,0"
"BRO,0"
"BROG,0"
"BROGW,0"
"BRP,0"
"BRPA,0"
"BRPAR,0"
"BRPAU,0"
"BRPAW,0"
"BRQS,0"
"BRT,0"
"BRX,0"
"BRY,0"
"BSA,0"
"BSAC,0"
"BSBK,0"
"BSBR,0"
"BSD,0"
"BSE,0"
"BSET,0"
"BSGM,0"
"BSIG,0"
"BSL,0"
"BSM,0"
"BSMX,0"
"BSN,0"
"BSN.U,0"
"BSN.WS,0"
"BSQR,0"
"BSRR,0"
"BST,0"
"BSTZ,0"
"BSVN,0"
"BSX,0"
"BSX.PRA,0"
"BSY,0"
"BTA,0"
"BTAI,0"
"BTAQ,0"
"BTAQU,0"
"BTAQW,0"
"BTBT,0"
"BTI,0"
"BTNB,0"
"BTO,0"
"BTRS,0"
"BTRSW,0"
"BTT,0"
"BTU,0"
"BTWN,0"
"BTWNU,0"
"BTWNW,0"
"BTZ,0"
"BUD,0"
"BUI,0"
"BUR,0"
"BURL,0"
"BUSE,0"
"BV,0"
"BVH,0"
"BVN,0"
"BVXV,0"
"BW,0"
"BWA,0"
"BWAC,0"
"BWACU,0"
"BWACW,0"
"BWAY,0"
"BWB,0"
"BWEN,0"
"BWFG,0"
"BWG,0"
"BWMX,0"
"BWXT,0"
"BX,0"
"BXC,0"
"BXG,0"
"BXMT,0"
"BXMX,0"
"BXP,0"
"BXP.PRB,0"
"BXRX,0"
"BXS,0"
"BXS.PRA,0"
"BYD,0"
"BYFC,0"
"BYM,0"
"BYND,0"
"BYSI,0"
"BZH,0"
"BZM,0"
"BZUN,0"
"C,0"
"C.PRJ,0"
"C.PRK,0"
"C.PRN,0"
"C.PRS,0"
"CAAP,0"
"CAAS,0"
"CABA,0"
"CABO,0"
"CAC,0"
"CACC,0"
"CACI,0"
"CADE,0"
"CAE,0"
"CAF,0"
"CAG,0"
"CAH,0"
"CAHCU,0"
"CAI,0"
"CAI.PRA,0"
"CAI.PRB,0"
"CAJ,0"
"CAKE,0"
"CAL,0"
"CALA,0"
"CALB,0"
"CALM,0"
"CALT,0"
"CALX,0"
"CAMP,0"
"CAMT,0"
"CANG,0"
"CAP,0"
"CAP.U,0"
"CAP.WS,0"
"CAPA,0"
"CAPAU,0"
"CAPAW,0"
"CAPL,0"
"CAPR,0"
"CAR,0"
"CARA,0"
"CARE,0"
"CARG,0"
"CARR,0"
"CARS,0"
"CARV,0"
"CAS,0"
"CAS.U,0"
"CAS.WS,0"
"CASA,0"
"CASH,0"
"CASI,0"
"CASS,0"
"CASY,0"
"CAT,0"
"CATB,0"
"CATC,0"
"CATM,0"
"CATO,0"
"CATY,0"
"CB,0"
"CBAH.U,0"
"CBAN,0"
"CBAT,0"
"CBAY,0"
"CBB,0"
"CBB.PRB,0"
"CBD,0"
"CBFV,0"
"CBH,0"
"CBIO,0"
"CBLI,0"
"CBMB,0"
"CBMG,0"
"CBNK,0"
"CBPO,0"
"CBRE,0"
"CBRL,0"
"CBSH,0"
"CBT,0"
"CBTX,0"
"CBU,0"
"CBZ,0"
"CCAC,0"
"CCAC.U,0"
"CCAC.WS,0"
"CCAP,0"
"CCB,0"
"CCBG,0"
"CCC,0"
"CCCC,0"
"CCD,0"
"CCEP,0"
"CCI,0"
"CCIV,0"
"CCIV.U,0"
"CCIV.WS,0"
"CCJ,0"
"CCK,0"
"CCL,0"
"CCLP,0"
"CCM,0"
"CCMP,0"
"CCNC,0"
"CCNE,0"
"CCNEP,0"
"CCO,0"
"CCOI,0"
"CCRC,0"
"CCRN,0"
"CCS,0"
"CCU,0"
"CCV.U,0"
"CCX,0"
"CCX.U,0"
"CCX.WS,0"
"CCXI,0"
"CCZ,0"
"CD,0"
"CDAK,0"
"CDAY,0"
"CDE,0"
"CDEV,0"
"CDK,0"
"CDLX,0"
"CDMO,0"
"CDMOP,0"
"CDNA,0"
"CDNS,0"
"CDR,0"
"CDR.PRB,0"
"CDR.PRC,0"
"CDTX,0"
"CDW,0"
"CDXC,0"
"CDXS,0"
"CDZI,0"
"CE,0"
"CEA,0"
"CECE,0"
"CEE,0"
"CEIX,0"
"CEL,0"
"CELC,0"
"CELG.RT,0"
"CELH,0"
"CELP,0"
"CEM,0"
"CEMI,0"
"CEN,0"
"CENT,0"
"CENTA,0"
"CENX,0"
"CEPU,0"
"CEQP,0"
"CEQP.PR,0"
"CERC,0"
"CERE,0"
"CEREW,0"
"CERN,0"
"CERS,0"
"CERT,0"
"CETX,0"
"CETXP,0"
"CETXW,0"
"CEVA,0"
"CF,0"
"CFAC,0"
"CFACU,0"
"CFACW,0"
"CFB,0"
"CFBK,0"
"CFFI,0"
"CFFN,0"
"CFFVU,0"
"CFFVW,0"
"CFG,0"
"CFG.PRD,0"
"CFG.PRE,0"
"CFII,0"
"CFIIU,0"
"CFIIW,0"
"CFIVU,0"
"CFMS,0"
"CFR,0"
"CFR.PRB,0"
"CFRX,0"
"CFV,0"
"CFX,0"
"CFXA,0"
"CG,0"
"CGA,0"
"CGBD,0"
"CGC,0"
"CGEM,0"
"CGEN,0"
"CGIX,0"
"CGNTV,0"
"CGNX,0"
"CGO,0"
"CGRO,0"
"CGROU,0"
"CGROW,0"
"CHCI,0"
"CHCO,0"
"CHCT,0"
"CHD,0"
"CHDN,0"
"CHE,0"
"CHEF,0"
"CHEK,0"
"CHEKZ,0"
"CHFS,0"
"CHGG,0"
"CHH,0"
"CHI,0"
"CHKP,0"
"CHMA,0"
"CHMG,0"
"CHMI,0"
"CHMI.PRA,0"
"CHMI.PRB,0"
"CHN,0"
"CHNG,0"
"CHNGU,0"
"CHNR,0"
"CHPM,0"
"CHPMU,0"
"CHPMW,0"
"CHRA,0"
"CHRS,0"
"CHRW,0"
"CHS,0"
"CHSCL,0"
"CHSCM,0"
"CHSCN,0"
"CHSCO,0"
"CHSCP,0"
"CHT,0"
"CHTR,0"
"CHUY,0"
"CHW,0"
"CHWY,0"
"CHX,0"
"CHY,0"
"CI,0"
"CIA,0"
"CIB,0"
"CIDM,0"
"CIEN,0"
"CIF,0"
"CIG,0"
"CIG.C,0"
"CIGI,0"
"CIH,0"
"CII,0"
"CIIC,0"
"CIICU,0"
"CIICW,0"
"CIM,0"
"CIM.PRA,0"
"CIM.PRB,0"
"CIM.PRC,0"
"CIM.PRD,0"
"CINF,0"
"CINR,0"
"CIO,0"
"CIO.PRA,0"
"CIR,0"
"CIT,0"
"CIT.PRB,0"
"CIVB,0"
"CIXX,0"
"CIZN,0"
"CJJD,0"
"CKH,0"
"CKPT,0"
"CL,0"
"CLA,0"
"CLA.U,0"
"CLA.WS,0"
"CLAR,0"
"CLAS.U,0"
"CLB,0"
"CLBK,0"
"CLBS,0"
"CLCT,0"
"CLDB,0"
"CLDR,0"
"CLDT,0"
"CLDX,0"
"CLEU,0"
"CLF,0"
"CLFD,0"
"CLGN,0"
"CLGX,0"
"CLH,0"
"CLI,0"
"CLII,0"
"CLII.U,0"
"CLII.WS,0"
"CLIM.U,0"
"CLIR,0"
"CLLS,0"
"CLMT,0"
"CLNC,0"
"CLNE,0"
"CLNN,0"
"CLNNW,0"
"CLNY,0"
"CLNY.PRG,0"
"CLNY.PRH,0"
"CLNY.PRI,0"
"CLNY.PRJ,0"
"CLOV,0"
"CLOVW,0"
"CLPR,0"
"CLPS,0"
"CLPT,0"
"CLR,0"
"CLRB,0"
"CLRBZ,0"
"CLRM,0"
"CLRMU,0"
"CLRMW,0"
"CLRO,0"
"CLS,0"
"CLSD,0"
"CLSK,0"
"CLSN,0"
"CLVR,0"
"CLVRW,0"
"CLVS,0"
"CLW,0"
"CLWT,0"
"CLX,0"
"CLXT,0"
"CM,0"
"CMA,0"
"CMBM,0"
"CMC,0"
"CMCM,0"
"CMCO,0"
"CMCSA,0"
"CMCT,0"
"CMCTP,0"
"CMD,0"
"CME,0"
"CMFNL,0"
"CMG,0"
"CMI,0"
"CMLF,0"
"CMLFU,0"
"CMLFW,0"
"CMLS,0"
"CMO,0"
"CMO.PRE,0"
"CMP,0"
"CMPI,0"
"CMPR,0"
"CMPS,0"
"CMRE,0"
"CMRE.PRB,0"
"CMRE.PRC,0"
"CMRE.PRD,0"
"CMRE.PRE,0"
"CMRX,0"
"CMS,0"
"CMS.PRB,0"
"CMSA,0"
"CMSC,0"
"CMSD,0"
"CMTL,0"
"CMU,0"
"CNA,0"
"CNBKA,0"
"CNC,0"
"CNCE,0"
"CND,0"
"CND.U,0"
"CND.WS,0"
"CNDT,0"
"CNET,0"
"CNF,0"
"CNFR,0"
"CNFRL,0"
"CNHI,0"
"CNI,0"
"CNK,0"
"CNMD,0"
"CNNB,0"
"CNNE,0"
"CNO,0"
"CNO.PRA,0"
"CNOB,0"
"CNP,0"
"CNP.PRB,0"
"CNQ,0"
"CNR,0"
"CNS,0"
"CNSL,0"
"CNSP,0"
"CNST,0"
"CNTG,0"
"CNTY,0"
"CNX,0"
"CNXC,0"
"CNXN,0"
"CO,0"
"COCP,0"
"CODA,0"
"CODI,0"
"CODI.PRA,0"
"CODI.PRB,0"
"CODI.PRC,0"
"CODX,0"
"COE,0"
"COF,0"
"COF.PRG,0"
"COF.PRH,0"
"COF.PRI,0"
"COF.PRJ,0"
"COF.PRK,0"
"COFS,0"
"COG,0"
"COGT,0"
"COHR,0"
"COHU,0"
"COKE,0"
"COLB,0"
"COLD,0"
"COLL,0"
"COLM,0"
"COMM,0"
"COMS,0"
"COMSW,0"
"CONE,0"
"CONN,0"
"CONX,0"
"CONXU,0"
"CONXW,0"
"COO,0"
"COOLU,0"
"COOP,0"
"COP,0"
"COR,0"
"CORE,0"
"CORR,0"
"CORR.PRA,0"
"CORT,0"
"COST,0"
"COTY,0"
"COUP,0"
"COWN,0"
"COWNL,0"
"COWNZ,0"
"CP,0"
"CPA,0"
"CPAC,0"
"CPAH,0"
"CPB,0"
"CPE,0"
"CPF,0"
"CPG,0"
"CPHC,0"
"CPIX,0"
"CPK,0"
"CPLG,0"
"CPLP,0"
"CPRI,0"
"CPRT,0"
"CPRX,0"
"CPS,0"
"CPSH,0"
"CPSI,0"
"CPSR,0"
"CPSR.U,0"
"CPSR.WS,0"
"CPSS,0"
"CPST,0"
"CPT,0"
"CPTA,0"
"CPTAG,0"
"CPTAL,0"
"CPZ,0"
"CR,0"
"CRAI,0"
"CRBP,0"
"CRC,0"
"CRD/A,0"
"CRD/B,0"
"CRDF,0"
"CREE,0"
"CREG,0"
"CRESY,0"
"CREX,0"
"CREXW,0"
"CRH,0"
"CRHC,0"
"CRHC.U,0"
"CRHC.WS,0"
"CRI,0"
"CRIS,0"
"CRK,0"
"CRKN,0"
"CRL,0"
"CRM,0"
"CRMT,0"
"CRNC,0"
"CRNT,0"
"CRNX,0"
"CRON,0"
"CROX,0"
"CRS,0"
"CRSA,0"
"CRSAU,0"
"CRSAW,0"
"CRSP,0"
"CRSR,0"
"CRT,0"
"CRTD,0"
"CRTDW,0"
"CRTO,0"
"CRTX,0"
"CRU.U,0"
"CRUS,0"
"CRVL,0"
"CRVS,0"
"CRWD,0"
"CRWS,0"
"CRY,0"
"CS,0"
"CSBR,0"
"CSCO,0"
"CSCW,0"
"CSGP,0"
"CSGS,0"
"CSII,0"
"CSIQ,0"
"CSL,0"
"CSLT,0"
"CSOD,0"
"CSPI,0"
"CSPR,0"
"CSQ,0"
"CSR,0"
"CSR.PRC,0"
"CSSE,0"
"CSSEN,0"
"CSSEP,0"
"CSTA.U,0"
"CSTE,0"
"CSTL,0"
"CSTM,0"
"CSTR,0"
"CSU,0"
"CSV,0"
"CSWC,0"
"CSWI,0"
"CSX,0"
"CTA.PRA,0"
"CTA.PRB,0"
"CTAA,0"
"CTAC,0"
"CTAC.U,0"
"CTAC.WS,0"
"CTAQU,0"
"CTAS,0"
"CTB,0"
"CTBB,0"
"CTBI,0"
"CTDD,0"
"CTG,0"
"CTHR,0"
"CTIB,0"
"CTIC,0"
"CTK,0"
"CTLT,0"
"CTMX,0"
"CTR,0"
"CTRA,0"
"CTRE,0"
"CTRM,0"
"CTRN,0"
"CTS,0"
"CTSH,0"
"CTSO,0"
"CTT,0"
"CTVA,0"
"CTXR,0"
"CTXRW,0"
"CTXS,0"
"CUB,0"
"CUBA,0"
"CUBB,0"
"CUBE,0"
"CUBI,0"
"CUBI.PRC,0"
"CUBI.PRD,0"
"CUBI.PRE,0"
"CUBI.PRF,0"
"CUE,0"
"CUK,0"
"CULP,0"
"CURI,0"
"CURIW,0"
"CURO,0"
"CUTR,0"
"CUZ,0"
"CVA,0"
"CVAC,0"
"CVBF,0"
"CVCO,0"
"CVCY,0"
"CVE,0"
"CVE.WS,0"
"CVEO,0"
"CVET,0"
"CVGI,0"
"CVGW,0"
"CVI,0"
"CVLB,0"
"CVLG,0"
"CVLT,0"
"CVLY,0"
"CVNA,0"
"CVS,0"
"CVV,0"
"CVX,0"
"CW,0"
"CWBC,0"
"CWBR,0"
"CWCO,0"
"CWEN,0"
"CWEN.A,0"
"CWH,0"
"CWK,0"
"CWST,0"
"CWT,0"
"CX,0"
"CXDC,0"
"CXDO,0"
"CXE,0"
"CXH,0"
"CXP,0"
"CXW,0"
"CYAD,0"
"CYAN,0"
"CYBE,0"
"CYBR,0"
"CYCC,0"
"CYCCP,0"
"CYCN,0"
"CYD,0"
"CYH,0"
"CYRN,0"
"CYRX,0"
"CYTH,0"
"CYTHW,0"
"CYTK,0"
"CZNC,0"
"CZR,0"
"CZWI,0"
"CZZ,0"
"DAC,0"
"DADA,0"
"DAIO,0"
"DAKT,0"
"DAL,0"
"DAN,0"
"DAO,0"
"DAR,0"
"DARE,0"
"DASH,0"
"DAVA,0"
"DB,0"
"DBD,0"
"DBDR,0"
"DBDRU,0"
"DBDRW,0"
"DBI,0"
"DBL,0"
"DBVT,0"
"DBX,0"
"DCBO,0"
"DCF,0"
"DCI,0"
"DCO,0"
"DCOM,0"
"DCOMP,0"
"DCP,0"
"DCP.PRB,0"
"DCP.PRC,0"
"DCPH,0"
"DCRB,0"
"DCRBU,0"
"DCRBW,0"
"DCRN,0"
"DCRNU,0"
"DCRNW,0"
"DCT,0"
"DCTH,0"
"DCUE,0"
"DDD,0"
"DDF,0"
"DDMX,0"
"DDMXU,0"
"DDMXW,0"
"DDOG,0"
"DDS,0"
"DDT,0"
"DE,0"
"DEA,0"
"DECK,0"
"DEH,0"
"DEH.U,0"
"DEH.WS,0"
"DEI,0"
"DELL,0"
"DEN,0"
"DENN,0"
"DEO,0"
"DESP,0"
"DEX,0"
"DFFN,0"
"DFH,0"
"DFHT,0"
"DFHTU,0"
"DFHTW,0"
"DFIN,0"
"DFNS,0"
"DFNS.U,0"
"DFNS.WS,0"
"DFP,0"
"DFPH,0"
"DFPHU,0"
"DFPHW,0"
"DFS,0"
"DG,0"
"DGICA,0"
"DGICB,0"
"DGII,0"
"DGLY,0"
"DGNR,0"
"DGNR.U,0"
"DGNR.WS,0"
"DGNS,0"
"DGX,0"
"DHC,0"
"DHCNI,0"
"DHCNL,0"
"DHF,0"
"DHHCU,0"
"DHI,0"
"DHIL,0"
"DHR,0"
"DHR.PRA,0"
"DHR.PRB,0"
"DHT,0"
"DHX,0"
"DIAX,0"
"DIN,0"
"DIOD,0"
"DIS,0"
"DISCA,0"
"DISCB,0"
"DISCK,0"
"DISH,0"
"DJCO,0"
"DK,0"
"DKL,0"
"DKNG,0"
"DKS,0"
"DL,0"
"DLB,0"
"DLCAU,0"
"DLHC,0"
"DLNG,0"
"DLNG.PRA,0"
"DLNG.PRB,0"
"DLPN,0"
"DLR,0"
"DLR.PRC,0"
"DLR.PRJ,0"
"DLR.PRK,0"
"DLR.PRL,0"
"DLTH,0"
"DLTR,0"
"DLX,0"
"DLY,0"
"DM,0"
"DM.WS,0"
"DMAC,0"
"DMB,0"
"DMLP,0"
"DMO,0"
"DMRC,0"
"DMS,0"
"DMS.WS,0"
"DMTK,0"
"DMYD,0"
"DMYD.U,0"
"DMYD.WS,0"
"DMYI,0"
"DMYI.U,0"
"DMYI.WS,0"
"DNB,0"
"DNK,0"
"DNLI,0"
"DNMR,0"
"DNMR.WS,0"
"DNOW,0"
"DNP,0"
"DNZ.U,0"
"DOC,0"
"DOCU,0"
"DOGZ,0"
"DOMO,0"
"DOOO,0"
"DOOR,0"
"DORM,0"
"DOV,0"
"DOW,0"
"DOX,0"
"DOYU,0"
"DPG,0"
"DPZ,0"
"DQ,0"
"DRD,0"
"DRE,0"
"DRH,0"
"DRH.PRA,0"
"DRI,0"
"DRIO,0"
"DRIOW,0"
"DRNA,0"
"DRQ,0"
"DRRX,0"
"DRTT,0"
"DRUA,0"
"DRVN,0"
"DS,0"
"DS.PRB,0"
"DS.PRC,0"
"DS.PRD,0"
"DSAC,0"
"DSACU,0"
"DSACW,0"
"DSE,0"
"DSGX,0"
"DSKE,0"
"DSKEW,0"
"DSL,0"
"DSM,0"
"DSPG,0"
"DSSI,0"
"DSU,0"
"DSWL,0"
"DSX,0"
"DSX.PRB,0"
"DT,0"
"DTB,0"
"DTE,0"
"DTEA,0"
"DTF,0"
"DTIL,0"
"DTJ,0"
"DTLA.PR,0"
"DTP,0"
"DTSS,0"
"DTW,0"
"DTY,0"
"DUC,0"
"DUK,0"
"DUK.PRA,0"
"DUKB,0"
"DUKH,0"
"DUNEU,0"
"DUO,0"
"DUOT,0"
"DVA,0"
"DVAX,0"
"DVD,0"
"DVN,0"
"DWIN,0"
"DWIN.U,0"
"DWIN.WS,0"
"DWSN,0"
"DX,0"
"DX.PRB,0"
"DX.PRC,0"
"DXC,0"
"DXCM,0"
"DXPE,0"
"DXYN,0"
"DY,0"
"DYAI,0"
"DYFN,0"
"DYN,0"
"DYNT,0"
"DZSI,0"
"EA,0"
"EACPU,0"
"EAF,0"
"EAI,0"
"EAR,0"
"EARN,0"
"EARS,0"
"EAST,0"
"EAT,0"
"EB,0"
"EBAY,0"
"EBAYL,0"
"EBC,0"
"EBF,0"
"EBIX,0"
"EBMT,0"
"EBON,0"
"EBR,0"
"EBR.B,0"
"EBS,0"
"EBSB,0"
"EBTC,0"
"EC,0"
"ECC           ,0"
"ECCB,0"
"ECCX,0"
"ECCY,0"
"ECHO,0"
"ECL,0"
"ECOL,0"
"ECOLW,0"
"ECOM          ,0"
"ECOR,0"
"ECPG,0"
"ED,0"
"EDAP,0"
"EDD,0"
"EDF,0"
"EDI,0"
"EDN,0"
"EDRY,0"
"EDSA,0"
"EDTK,0"
"EDTXU,0"
"EDU,0"
"EDUC,0"
"EEA,0"
"EEFT,0"
"EEX,0"
"EFC,0"
"EFC.PRA,0"
"EFF,0"
"EFL,0"
"EFOI,0"
"EFR,0"
"EFSC,0"
"EFT,0"
"EFX,0"
"EGAN,0"
"EGBN,0"
"EGF,0"
"EGHT,0"
"EGLE,0"
"EGO,0"
"EGOV,0"
"EGP,0"
"EGRX,0"
"EGY,0"
"EH,0"
"EHC,0"
"EHI,0"
"EHT,0"
"EHTH,0"
"EIC,0"
"EIG,0"
"EIGI,0"
"EIGR,0"
"EIX,0"
"EKSO,0"
"EL,0"
"ELAN,0"
"ELAT,0"
"ELC,0"
"ELDN,0"
"ELF,0"
"ELOX,0"
"ELP,0"
"ELS,0"
"ELSE,0"
"ELTK,0"
"ELVT,0"
"ELY,0"
"ELYS,0"
"EMCF,0"
"EMD,0"
"EME,0"
"EMF,0"
"EMKR,0"
"EML,0"
"EMN,0"
"EMO,0"
"EMP,0"
"EMPW,0"
"EMPW.U,0"
"EMPW.WS,0"
"EMR,0"
"ENB,0"
"ENBA,0"
"ENBL,0"
"ENDP,0"
"ENFAU,0"
"ENG,0"
"ENIA,0"
"ENIC,0"
"ENJ,0"
"ENLC,0"
"ENLV,0"
"ENO,0"
"ENOB,0"
"ENPC,0"
"ENPC.U,0"
"ENPC.WS,0"
"ENPH,0"
"ENR,0"
"ENR.PRA,0"
"ENS,0"
"ENSG,0"
"ENTA,0"
"ENTG,0"
"ENTX,0"
"ENTXW,0"
"ENV,0"
"ENVA,0"
"ENVB,0"
"ENVIU,0"
"ENZ,0"
"EOG,0"
"EOI,0"
"EOLS,0"
"EOS,0"
"EOSE,0"
"EOSEW,0"
"EOT,0"
"EP.PRC,0"
"EPAC,0"
"EPAM,0"
"EPAY,0"
"EPC,0"
"EPD,0"
"EPHYU,0"
"EPIX,0"
"EPR,0"
"EPR.PRC,0"
"EPR.PRE,0"
"EPR.PRG,0"
"EPRT,0"
"EPSN,0"
"EPWR.U,0"
"EPZM,0"
"EQ,0"
"EQBK,0"
"EQC,0"
"EQC.PRD,0"
"EQD,0"
"EQD.U,0"
"EQD.WS,0"
"EQH,0"
"EQH.PRA,0"
"EQH.PRC,0"
"EQHA.U,0"
"EQIX,0"
"EQNR,0"
"EQOS,0"
"EQOSW,0"
"EQR,0"
"EQS,0"
"EQT,0"
"ERES,0"
"ERESU,0"
"ERESW,0"
"ERF,0"
"ERIC,0"
"ERIE,0"
"ERII,0"
"ERJ,0"
"ERYP,0"
"ES,0"
"ESBK,0"
"ESCA,0"
"ESE,0"
"ESEA,0"
"ESGC,0"
"ESGR,0"
"ESGRO,0"
"ESGRP,0"
"ESI,0"
"ESLT,0"
"ESNT,0"
"ESPR,0"
"ESQ,0"
"ESRT,0"
"ESS,0"
"ESSA,0"
"ESSC,0"
"ESSCR,0"
"ESSCU,0"
"ESSCW,0"
"ESTA,0"
"ESTC,0"
"ESTE,0"
"ESXB,0"
"ET,0"
"ETAC,0"
"ETACU,0"
"ETACW,0"
"ETB,0"
"ETG,0"
"ETH,0"
"ETI.PR,0"
"ETJ,0"
"ETM,0"
"ETN,0"
"ETNB,0"
"ETO,0"
"ETON,0"
"ETP.PRC,0"
"ETP.PRD,0"
"ETP.PRE,0"
"ETR,0"
"ETRN,0"
"ETSY,0"
"ETTX,0"
"ETV,0"
"ETW,0"
"ETX           ,0"
"ETY,0"
"EUCR,0"
"EUCRU,0"
"EUCRW,0"
"EURN,0"
"EUSGU,0"
"EV,0"
"EVA,0"
"EVBG,0"
"EVC,0"
"EVF,0"
"EVFM,0"
"EVG,0"
"EVGBC,0"
"EVGN,0"
"EVH,0"
"EVK,0"
"EVLMC,0"
"EVLO,0"
"EVN,0"
"EVOK,0"
"EVOL,0"
"EVOP,0"
"EVR,0"
"EVRG,0"
"EVRI,0"
"EVT,0"
"EVTC,0"
"EW,0"
"EWBC,0"
"EXAS,0"
"EXC,0"
"EXD,0"
"EXEL,0"
"EXFO,0"
"EXG,0"
"EXK,0"
"EXLS,0"
"EXP,0"
"EXPC,0"
"EXPCU,0"
"EXPCW,0"
"EXPD,0"
"EXPE,0"
"EXPI,0"
"EXPO,0"
"EXPR,0"
"EXR,0"
"EXTN,0"
"EXTR,0"
"EYE,0"
"EYEG,0"
"EYEN,0"
"EYES,0"
"EYESW,0"
"EYPT,0"
"EZGO,0"
"EZPW,0"
"FAF,0"
"FAII,0"
"FAII.U,0"
"FAII.WS,0"
"FAM,0"
"FAMI,0"
"FANG,0"
"FANH,0"
"FARM,0"
"FARO,0"
"FAST,0"
"FAT,0"
"FATBP,0"
"FATBW,0"
"FATE,0"
"FB,0"
"FBC,0"
"FBHS,0"
"FBIO,0"
"FBIOP,0"
"FBIZ,0"
"FBK,0"
"FBMS,0"
"FBNC,0"
"FBP,0"
"FBRX,0"
"FBSS,0"
"FC,0"
"FCAC,0"
"FCACU,0"
"FCACW,0"
"FCAP,0"
"FCAX.U,0"
"FCBC,0"
"FCBP,0"
"FCCO,0"
"FCCY,0"
"FCEL,0"
"FCF,0"
"FCFS,0"
"FCN,0"
"FCNCA,0"
"FCNCP,0"
"FCPT,0"
"FCRD,0"
"FCRW,0"
"FCRZ,0"
"FCT,0"
"FCX,0"
"FDBC,0"
"FDEU,0"
"FDMT,0"
"FDP,0"
"FDUS,0"
"FDUSG,0"
"FDUSZ,0"
"FDX,0"
"FE,0"
"FEDU,0"
"FEI           ,0"
"FEIM,0"
"FELE,0"
"FENC,0"
"FENG,0"
"FEO,0"
"FET,0"
"FEYE,0"
"FF,0"
"FFA,0"
"FFBC,0"
"FFBW,0"
"FFC,0"
"FFG,0"
"FFHL,0"
"FFIC,0"
"FFIN,0"
"FFIV,0"
"FFNW,0"
"FFWM,0"
"FGB,0"
"FGBI,0"
"FGEN,0"
"FGF,0"
"FGFPP,0"
"FGNA,0"
"FGNA.U,0"
"FGNA.WS,0"
"FHB,0"
"FHI,0"
"FHN,0"
"FHN.PRA,0"
"FHN.PRB,0"
"FHN.PRC,0"
"FHN.PRD,0"
"FHN.PRE,0"
"FHTX,0"
"FI,0"
"FIBK,0"
"FICO,0"
"FIF,0"
"FIII,0"
"FIIIU,0"
"FIIIW,0"
"FINMU,0"
"FINS,0"
"FINV,0"
"FIS,0"
"FISI,0"
"FISV,0"
"FITB,0"
"FITBI,0"
"FITBO,0"
"FITBP,0"
"FIV,0"
"FIVE,0"
"FIVN,0"
"FIX,0"
"FIXX,0"
"FIZZ,0"
"FL,0"
"FLACU,0"
"FLC,0"
"FLDM,0"
"FLEX,0"
"FLGT,0"
"FLIC,0"
"FLIR,0"
"FLL,0"
"FLMN,0"
"FLMNW,0"
"FLNG,0"
"FLNT,0"
"FLO,0"
"FLR,0"
"FLRZ,0"
"FLS,0"
"FLT,0"
"FLUX,0"
"FLWS,0"
"FLXN,0"
"FLXS,0"
"FMAC,0"
"FMAC.U,0"
"FMAC.WS,0"
"FMAO,0"
"FMBH,0"
"FMBI,0"
"FMBIO,0"
"FMBIP,0"
"FMC,0"
"FMN,0"
"FMNB,0"
"FMO,0"
"FMS,0"
"FMTX,0"
"FMX,0"
"FMY,0"
"FN,0"
"FNB,0"
"FNB.PRE,0"
"FNCB,0"
"FND,0"
"FNF,0"
"FNHC,0"
"FNKO,0"
"FNLC,0"
"FNV,0"
"FNWB,0"
"FOCS,0"
"FOE,0"
"FOF,0"
"FOLD,0"
"FONR,0"
"FORD,0"
"FORE,0"
"FOREU,0"
"FOREW,0"
"FORM,0"
"FORR,0"
"FORTY,0"
"FOSL,0"
"FOUR,0"
"FOX,0"
"FOXA,0"
"FOXF,0"
"FOXWU,0"
"FPAC,0"
"FPAC.U,0"
"FPAC.WS,0"
"FPAY,0"
"FPF,0"
"FPH,0"
"FPI,0"
"FPI.PRB,0"
"FPL,0"
"FPRX,0"
"FR,0"
"FRA,0"
"FRAF,0"
"FRBA,0"
"FRBK,0"
"FRC,0"
"FRC.PRG,0"
"FRC.PRH,0"
"FRC.PRI,0"
"FRC.PRJ,0"
"FRC.PRK,0"
"FREE,0"
"FREEW,0"
"FREQ,0"
"FRG,0"
"FRGAP,0"
"FRGI,0"
"FRHC,0"
"FRLN,0"
"FRME,0"
"FRO,0"
"FROG,0"
"FRPH,0"
"FRPT,0"
"FRSX,0"
"FRT,0"
"FRT.PRC,0"
"FRTA,0"
"FRX,0"
"FRX.U,0"
"FRX.WS,0"
"FSBW,0"
"FSD,0"
"FSDC,0"
"FSEA,0"
"FSFG,0"
"FSK,0"
"FSKR,0"
"FSLF,0"
"FSLR,0"
"FSLY,0"
"FSM,0"
"FSR,0"
"FSR.WS,0"
"FSRV,0"
"FSRVU,0"
"FSRVW,0"
"FSS,0"
"FSSIU,0"
"FST,0"
"FST.U,0"
"FST.WS,0"
"FSTR,0"
"FSTX,0"
"FSV,0"
"FT,0"
"FTAI,0"
"FTAI.PRA,0"
"FTAI.PRB,0"
"FTCH,0"
"FTCV,0"
"FTCVU,0"
"FTCVW,0"
"FTDR,0"
"FTEK,0"
"FTFT,0"
"FTHM,0"
"FTHY,0"
"FTI,0"
"FTIV,0"
"FTIVU,0"
"FTIVW,0"
"FTK,0"
"FTNT,0"
"FTOC,0"
"FTOCU,0"
"FTOCW,0"
"FTS,0"
"FTV,0"
"FTV.PRA,0"
"FUBO,0"
"FUL,0"
"FULC,0"
"FULT,0"
"FULTP,0"
"FUN,0"
"FUNC,0"
"FUND,0"
"FUSB,0"
"FUSE,0"
"FUSE.U,0"
"FUSE.WS,0"
"FUSN,0"
"FUTU,0"
"FUV,0"
"FVAM,0"
"FVCB,0"
"FVE,0"
"FVRR,0"
"FVT.U,0"
"FWONA,0"
"FWONK,0"
"FWP,0"
"FWRD,0"
"FXNC,0"
"G,0"
"GAB,0"
"GAB.PRG,0"
"GAB.PRH,0"
"GAB.PRJ,0"
"GAB.PRK,0"
"GABC,0"
"GAIA,0"
"GAIN,0"
"GAINL,0"
"GAINM,0"
"GALT,0"
"GAM,0"
"GAM.PRB,0"
"GAN,0"
"GASS,0"
"GATO,0"
"GATX,0"
"GB,0"
"GB.WS,0"
"GBAB,0"
"GBCI,0"
"GBDC,0"
"GBIO,0"
"GBL,0"
"GBLI,0"
"GBLIL,0"
"GBNY,0"
"GBS,0"
"GBT,0"
"GBX,0"
"GCAC,0"
"GCACU,0"
"GCACW,0"
"GCBC,0"
"GCI,0"
"GCMG,0"
"GCMGW,0"
"GCO,0"
"GCP,0"
"GCV,0"
"GD,0"
"GDDY,0"
"GDEN,0"
"GDL,0"
"GDL.PRC,0"
"GDO,0"
"GDOT,0"
"GDRX,0"
"GDS,0"
"GDV,0"
"GDV.PRG,0"
"GDV.PRH,0"
"GDYN,0"
"GDYNW,0"
"GE,0"
"GECC,0"
"GECCL,0"
"GECCM,0"
"GECCN,0"
"GEF,0"
"GEF.B,0"
"GEG,0"
"GEL,0"
"GEN           ,0"
"GENC,0"
"GENE,0"
"GEO,0"
"GEOS,0"
"GER,0"
"GERN,0"
"GES,0"
"GEVO,0"
"GF,0"
"GFED,0"
"GFF,0"
"GFI,0"
"GFL,0"
"GFLU,0"
"GFN,0"
"GFNCP,0"
"GFNSZ,0"
"GFX.U,0"
"GGAL,0"
"GGB,0"
"GGG,0"
"GGM,0"
"GGT,0"
"GGT.PRE,0"
"GGT.PRG,0"
"GGZ,0"
"GGZ.PRA,0"
"GH,0"
"GHC,0"
"GHG,0"
"GHL,0"
"GHLD,0"
"GHM,0"
"GHSI,0"
"GHVIU,0"
"GHY,0"
"GIB,0"
"GIFI,0"
"GIGM,0"
"GIII,0"
"GIK,0"
"GIK.U,0"
"GIK.WS,0"
"GIL,0"
"GILD,0"
"GILT,0"
"GIM,0"
"GIS,0"
"GIX,0"
"GIX.RT,0"
"GIX.U,0"
"GIX.WS,0"
"GJH,0"
"GJO,0"
"GJP,0"
"GJR,0"
"GJS,0"
"GJT,0"
"GKOS,0"
"GL,0"
"GL.PRC,0"
"GLAD,0"
"GLADL,0"
"GLAQU,0"
"GLBS,0"
"GLBZ,0"
"GLDD,0"
"GLEO,0"
"GLEO.U,0"
"GLEO.WS,0"
"GLG,0"
"GLMD,0"
"GLNG,0"
"GLOB,0"
"GLOG,0"
"GLOG.PRA,0"
"GLOP,0"
"GLOP.PRA,0"
"GLOP.PRB,0"
"GLOP.PRC,0"
"GLP,0"
"GLP.PRA,0"
"GLPG,0"
"GLPI,0"
"GLRE,0"
"GLSI,0"
"GLT,0"
"GLTO,0"
"GLUU,0"
"GLW,0"
"GLYC,0"
"GM,0"
"GMAB,0"
"GMBL,0"
"GMBLW,0"
"GMBTU,0"
"GMDA,0"
"GME,0"
"GMED,0"
"GMIIU,0"
"GMLP,0"
"GMLPP,0"
"GMRE,0"
"GMRE.PRA,0"
"GMS,0"
"GMTA,0"
"GMVD,0"
"GNACU,0"
"GNCA,0"
"GNE,0"
"GNE.PRA,0"
"GNFT,0"
"GNK,0"
"GNL,0"
"GNL.PRA,0"
"GNL.PRB,0"
"GNLN,0"
"GNMK,0"
"GNOG,0"
"GNOGW,0"
"GNPK,0"
"GNPK.U,0"
"GNPK.WS,0"
"GNPX,0"
"GNRC,0"
"GNRS,0"
"GNRSU,0"
"GNRSW,0"
"GNSS,0"
"GNT,0"
"GNT.PRA,0"
"GNTX,0"
"GNTY,0"
"GNUS,0"
"GNW,0"
"GOAC,0"
"GOAC.U,0"
"GOAC.WS,0"
"GOCO,0"
"GOEV,0"
"GOEVW,0"
"GOF,0"
"GOGL,0"
"GOGO,0"
"GOL,0"
"GOLD,0"
"GOLF,0"
"GOOD,0"
"GOODM,0"
"GOODN,0"
"GOOG,0"
"GOOGL,0"
"GOOS,0"
"GOSS,0"
"GOVX,0"
"GOVXW,0"
"GP,0"
"GPACU,0"
"GPC,0"
"GPI,0"
"GPJA,0"
"GPK,0"
"GPM,0"
"GPMT,0"
"GPN,0"
"GPP,0"
"GPRE,0"
"GPRK,0"
"GPRO,0"
"GPS,0"
"GPX,0"
"GRA,0"
"GRAY,0"
"GRBK,0"
"GRC,0"
"GRCL,0"
"GRCY,0"
"GRCYU,0"
"GRCYW,0"
"GRFS,0"
"GRIL,0"
"GRIN,0"
"GRMN,0"
"GRNQ,0"
"GRNV,0"
"GRNVR,0"
"GRNVU,0"
"GRNVW,0"
"GROW,0"
"GRP.U,0"
"GRPN,0"
"GRSV,0"
"GRSVU,0"
"GRSVW,0"
"GRTS,0"
"GRTX,0"
"GRUB,0"
"GRVY,0"
"GRWG,0"
"GRX,0"
"GS,0"
"GS.PRA,0"
"GS.PRC,0"
"GS.PRD,0"
"GS.PRJ,0"
"GS.PRK,0"
"GS.PRN,0"
"GSAH,0"
"GSAH.U,0"
"GSAH.WS,0"
"GSAQU,0"
"GSBC,0"
"GSBD,0"
"GSHD,0"
"GSIT,0"
"GSK,0"
"GSKY,0"
"GSL,0"
"GSL.PRB,0"
"GSLD,0"
"GSM,0"
"GSMG,0"
"GSMGW,0"
"GSUM,0"
"GSX,0"
"GT,0"
"GTEC,0"
"GTES,0"
"GTH,0"
"GTHX,0"
"GTIM,0"
"GTLS,0"
"GTN,0"
"GTN.A,0"
"GTS,0"
"GTT,0"
"GTY,0"
"GTYH,0"
"GURE,0"
"GUT,0"
"GUT.PRA,0"
"GUT.PRC,0"
"GVA,0"
"GVP,0"
"GWAC,0"
"GWACW,0"
"GWB,0"
"GWGH,0"
"GWPH,0"
"GWRE,0"
"GWRS,0"
"GWW,0"
"GXGX,0"
"GXGXU,0"
"GXGXW,0"
"GYC,0"
"GYRO,0"
"H,0"
"HA,0"
"HAAC,0"
"HAACU,0"
"HAACW,0"
"HAE,0"
"HAFC,0"
"HAIN,0"
"HAL,0"
"HALL,0"
"HALO,0"
"HAPP,0"
"HARP,0"
"HASI,0"
"HAYN,0"
"HBAN,0"
"HBANN,0"
"HBANO,0"
"HBB,0"
"HBCP,0"
"HBI,0"
"HBIO,0"
"HBM,0"
"HBMD,0"
"HBNC,0"
"HBP,0"
"HBT,0"
"HCA,0"
"HCAP,0"
"HCAPZ,0"
"HCAQ,0"
"HCAR,0"
"HCARU,0"
"HCARW,0"
"HCAT,0"
"HCC,0"
"HCCCU,0"
"HCCI,0"
"HCDI,0"
"HCHC,0"
"HCI,0"
"HCICU,0"
"HCIIU,0"
"HCKT,0"
"HCM,0"
"HCSG,0"
"HCXY,0"
"HCXZ,0"
"HD,0"
"HDB,0"
"HDSN,0"
"HE,0"
"HEAR,0"
"HEC,0"
"HECCU,0"
"HECCW,0"
"HEES,0"
"HEI,0"
"HEI/A,0"
"HELE,0"
"HEP,0"
"HEPA,0"
"HEQ,0"
"HES,0"
"HESM,0"
"HEXO,0"
"HFBL,0"
"HFC,0"
"HFEN,0"
"HFFG,0"
"HFRO,0"
"HFRO.PRA,0"
"HFWA,0"
"HGBL,0"
"HGEN,0"
"HGH,0"
"HGLB,0"
"HGSH,0"
"HGV,0"
"HHC,0"
"HHR,0"
"HI,0"
"HIBB,0"
"HIE,0"
"HIFS,0"
"HIG,0"
"HIG.PRG,0"
"HIGA,0"
"HIGA.U,0"
"HIGA.WS,0"
"HIHO,0"
"HII,0"
"HIL,0"
"HIMS,0"
"HIMS.WS,0"
"HIMX,0"
"HIO,0"
"HIW,0"
"HIX,0"
"HJLI,0"
"HJLIW,0"
"HKIB,0"
"HL,0"
"HL.PRB,0"
"HLAHU,0"
"HLF,0"
"HLG,0"
"HLI,0"
"HLIO,0"
"HLIT,0"
"HLNE,0"
"HLT,0"
"HLX,0"
"HLXA,0"
"HMC,0"
"HMCO,0"
"HMCOU,0"
"HMCOW,0"
"HMHC,0"
"HMI,0"
"HMLP,0"
"HMLP.PRA,0"
"HMN,0"
"HMNF,0"
"HMPT,0"
"HMST,0"
"HMSY,0"
"HMTV,0"
"HMY,0"
"HNGR,0"
"HNI,0"
"HNNA,0"
"HNP,0"
"HNRG,0"
"HOFT,0"
"HOFV,0"
"HOFVW,0"
"HOG,0"
"HOL,0"
"HOLI,0"
"HOLUU,0"
"HOLUW,0"
"HOLX,0"
"HOMB,0"
"HOME,0"
"HON,0"
"HONE,0"
"HOOK,0"
"HOTH,0"
"HOV,0"
"HOVNP,0"
"HP,0"
"HPE,0"
"HPF,0"
"HPI,0"
"HPK,0"
"HPKEW,0"
"HPP,0"
"HPQ,0"
"HPR,0"
"HPS,0"
"HPX,0"
"HPX.U,0"
"HPX.WS,0"
"HQH,0"
"HQI,0"
"HQL,0"
"HQY,0"
"HR,0"
"HRB,0"
"HRC,0"
"HRI,0"
"HRL,0"
"HRMY,0"
"HROW,0"
"HRTG,0"
"HRTX,0"
"HRZN,0"
"HSAQ,0"
"HSBC,0"
"HSC,0"
"HSDT,0"
"HSIC,0"
"HSII,0"
"HSKA,0"
"HSON,0"
"HST,0"
"HSTM,0"
"HSTO,0"
"HSY,0"
"HT,0"
"HT.PRC,0"
"HT.PRD,0"
"HT.PRE,0"
"HTA,0"
"HTBI,0"
"HTBK,0"
"HTBX,0"
"HTD,0"
"HTFA,0"
"HTGC,0"
"HTGM,0"
"HTH,0"
"HTHT,0"
"HTIA,0"
"HTLD,0"
"HTLF,0"
"HTLFP,0"
"HTOO,0"
"HTOOW,0"
"HTPA,0"
"HTPA.U,0"
"HTPA.WS,0"
"HTY,0"
"HUBB,0"
"HUBG,0"
"HUBS,0"
"HUDI,0"
"HUIZ,0"
"HUM,0"
"HUN,0"
"HURC,0"
"HURN,0"
"HUSN,0"
"HUYA,0"
"HVBC,0"
"HVT,0"
"HVT/A,0"
"HWBK,0"
"HWC,0"
"HWCC,0"
"HWCPL,0"
"HWCPZ,0"
"HWKN,0"
"HWM,0"
"HX,0"
"HXL,0"
"HY,0"
"HYB,0"
"HYFM,0"
"HYI,0"
"HYLN,0"
"HYMC,0"
"HYMCL,0"
"HYMCW,0"
"HYMCZ,0"
"HYRE,0"
"HYT,0"
"HZAC,0"
"HZAC.U,0"
"HZAC.WS,0"
"HZN,0"
"HZNP,0"
"HZO,0"
"HZON,0"
"HZON.U,0"
"HZON.WS,0"
"IAA,0"
"IAC,0"
"IACA,0"
"IACA.U,0"
"IACA.WS,0"
"IAE,0"
"IAG,0"
"IART,0"
"IBA,0"
"IBCP,0"
"IBEX,0"
"IBKR,0"
"IBM,0"
"IBN,0"
"IBOC,0"
"IBP,0"
"IBTX,0"
"ICAD,0"
"ICBK,0"
"ICCC,0"
"ICCH,0"
"ICD,0"
"ICE,0"
"ICFI,0"
"ICHR,0"
"ICL,0"
"ICLK,0"
"ICLR,0"
"ICMB,0"
"ICON,0"
"ICPT,0"
"ICUI,0"
"IDA,0"
"IDCC,0"
"IDE,0"
"IDEX,0"
"IDN,0"
"IDRA,0"
"IDT,0"
"IDXG,0"
"IDXX,0"
"IDYA,0"
"IEA,0"
"IEAWW,0"
"IEC,0"
"IEP,0"
"IESC,0"
"IEX,0"
"IFF,0"
"IFF.WI,0"
"IFFT,0"
"IFMK,0"
"IFN,0"
"IFRX,0"
"IFS,0"
"IGA,0"
"IGAC,0"
"IGACU,0"
"IGACW,0"
"IGD,0"
"IGI,0"
"IGIC,0"
"IGICW,0"
"IGMS,0"
"IGNYU,0"
"IGR,0"
"IGT,0"
"IH,0"
"IHC,0"
"IHD,0"
"IHG,0"
"IHIT,0"
"IHRT,0"
"IHTA,0"
"IIAC,0"
"IIAC.U,0"
"IIAC.WS,0"
"IID,0"
"IIF,0"
"III,0"
"IIIIU,0"
"IIIN,0"
"IIIV,0"
"IIM,0"
"IIN,0"
"IIPR,0"
"IIPR.PRA,0"
"IIVI,0"
"IIVIP,0"
"IKNX,0"
"IKT,0"
"ILMN,0"
"ILPT,0"
"IMAB,0"
"IMAC,0"
"IMACW,0"
"IMAX,0"
"IMBI,0"
"IMGN,0"
"IMKTA,0"
"IMMP,0"
"IMMR,0"
"IMNM,0"
"IMOS,0"
"IMPX,0"
"IMPX.U,0"
"IMPX.WS,0"
"IMRA,0"
"IMRN,0"
"IMRNW,0"
"IMTE,0"
"IMTX,0"
"IMTXW,0"
"IMUX,0"
"IMV,0"
"IMVT,0"
"IMXI,0"
"INAQ,0"
"INAQU,0"
"INAQW,0"
"INBK,0"
"INBKL,0"
"INBKZ,0"
"INBX,0"
"INCY,0"
"INDB,0"
"INDT,0"
"INFI,0"
"INFN,0"
"INFY,0"
"ING,0"
"INGN,0"
"INGR,0"
"INKAU,0"
"INM,0"
"INMB,0"
"INMD,0"
"INN,0"
"INN.PRD,0"
"INN.PRE,0"
"INO,0"
"INOD,0"
"INOV,0"
"INPX,0"
"INSE,0"
"INSG,0"
"INSI,0"
"INSM,0"
"INSP,0"
"INSW,0"
"INSW.PRA,0"
"INT,0"
"INTC,0"
"INTG,0"
"INTU,0"
"INTZ,0"
"INVA,0"
"INVE,0"
"INVH,0"
"INVO,0"
"INZY,0"
"IO,0"
"IONS,0"
"IOSP,0"
"IOVA,0"
"IP,0"
"IPA,0"
"IPAR,0"
"IPDN,0"
"IPG,0"
"IPGP,0"
"IPHA,0"
"IPHI,0"
"IPI,0"
"IPLDP,0"
"IPOD,0"
"IPOD.U,0"
"IPOD.WS,0"
"IPOE,0"
"IPOE.U,0"
"IPOE.WS,0"
"IPOF,0"
"IPOF.U,0"
"IPOF.WS,0"
"IPV,0"
"IPV.U,0"
"IPV.WS,0"
"IPWR,0"
"IQ,0"
"IQI,0"
"IQV,0"
"IR,0"
"IRBT,0"
"IRCP,0"
"IRDM,0"
"IRIX,0"
"IRL,0"
"IRM,0"
"IRMD,0"
"IROQ,0"
"IRR,0"
"IRS,0"
"IRT,0"
"IRTC,0"
"IRWD,0"
"ISBC,0"
"ISD,0"
"ISEE,0"
"ISIG,0"
"ISNS,0"
"ISRG,0"
"ISSC,0"
"ISTR,0"
"ISUN,0"
"ITAC,0"
"ITACU,0"
"ITACW,0"
"ITCB,0"
"ITCI,0"
"ITGR,0"
"ITHXU,0"
"ITI,0"
"ITIC,0"
"ITMR,0"
"ITOS,0"
"ITRI,0"
"ITRM,0"
"ITRN,0"
"ITT,0"
"ITUB,0"
"ITW,0"
"IVA,0"
"IVAC,0"
"IVAN.U,0"
"IVC,0"
"IVH,0"
"IVR,0"
"IVR.PRA,0"
"IVR.PRB,0"
"IVR.PRC,0"
"IVZ,0"
"IX,0"
"IZEA,0"
"J,0"
"JACK,0"
"JAGX,0"
"JAKK,0"
"JAMF,0"
"JAN,0"
"JAQC,0"
"JAQCU,0"
"JAQCW,0"
"JAX,0"
"JAZZ,0"
"JBGS,0"
"JBHT,0"
"JBK,0"
"JBL,0"
"JBLU,0"
"JBSS,0"
"JBT,0"
"JCE,0"
"JCI,0"
"JCICU,0"
"JCO,0"
"JCOM,0"
"JCS,0"
"JCTCF,0"
"JD,0"
"JDD,0"
"JE,0"
"JEF,0"
"JELD,0"
"JEMD,0"
"JEQ,0"
"JFIN,0"
"JFR,0"
"JFU,0"
"JG,0"
"JGH,0"
"JHAA,0"
"JHB,0"
"JHG,0"
"JHI,0"
"JHS,0"
"JHX,0"
"JIH,0"
"JIH.U,0"
"JIH.WS,0"
"JILL,0"
"JJSF,0"
"JKHY,0"
"JKS,0"
"JLL,0"
"JLS,0"
"JMIA,0"
"JMM,0"
"JMP,0"
"JMPNL,0"
"JMPNZ,0"
"JNCE,0"
"JNJ,0"
"JNPR,0"
"JOBS,0"
"JOE,0"
"JOF,0"
"JOUT,0"
"JP,0"
"JPC,0"
"JPI,0"
"JPM,0"
"JPM.PRC,0"
"JPM.PRD,0"
"JPM.PRG,0"
"JPM.PRH,0"
"JPM.PRJ,0"
"JPS,0"
"JPT,0"
"JQC,0"
"JRI,0"
"JRJC,0"
"JRO,0"
"JRS,0"
"JRSH,0"
"JRVR,0"
"JSD,0"
"JSM,0"
"JT,0"
"JTA,0"
"JTD,0"
"JUPW,0"
"JUPWW,0"
"JVA,0"
"JW/A,0"
"JW/B,0"
"JWN,0"
"JWS,0"
"JWS.U,0"
"JWS.WS,0"
"JYAC,0"
"JYNT,0"
"K,0"
"KAI,0"
"KAIRU,0"
"KALA,0"
"KALU,0"
"KALV,0"
"KAMN,0"
"KAR,0"
"KB,0"
"KBAL,0"
"KBH,0"
"KBNT,0"
"KBNTW,0"
"KBR,0"
"KBSF,0"
"KC,0"
"KCAPL,0"
"KDMN,0"
"KDNY,0"
"KDP,0"
"KE,0"
"KELYA,0"
"KELYB,0"
"KEN,0"
"KEP,0"
"KEQU,0"
"KERN,0"
"KERNW,0"
"KEX,0"
"KEY,0"
"KEY.PRI,0"
"KEY.PRJ,0"
"KEY.PRK,0"
"KEYS,0"
"KF,0"
"KFFB,0"
"KFRC,0"
"KFS,0"
"KFY,0"
"KGC,0"
"KHC,0"
"KIDS,0"
"KIM,0"
"KIM.PRL,0"
"KIM.PRM,0"
"KIN,0"
"KINS,0"
"KINZU,0"
"KIO,0"
"KIRK,0"
"KKR,0"
"KKR.PRA,0"
"KKR.PRB,0"
"KKR.PRC,0"
"KL,0"
"KLAC,0"
"KLAQU,0"
"KLDO,0"
"KLIC,0"
"KLXE,0"
"KMB,0"
"KMDA,0"
"KMF,0"
"KMI,0"
"KMPH,0"
"KMPR,0"
"KMT,0"
"KMX,0"
"KN,0"
"KNDI,0"
"KNL,0"
"KNOP,0"
"KNSA,0"
"KNSL,0"
"KNTE,0"
"KNX,0"
"KO,0"
"KOD,0"
"KODK,0"
"KOF,0"
"KOP,0"
"KOPN,0"
"KOR,0"
"KOS,0"
"KOSS,0"
"KPTI,0"
"KR,0"
"KRA,0"
"KRBP,0"
"KRC,0"
"KREF,0"
"KRG,0"
"KRKR,0"
"KRMD,0"
"KRNT,0"
"KRNY,0"
"KRO,0"
"KRON,0"
"KROS,0"
"KRP,0"
"KRTX,0"
"KRUS,0"
"KRYS,0"
"KSM,0"
"KSMT,0"
"KSMTU,0"
"KSMTW,0"
"KSPN,0"
"KSS,0"
"KSU,0"
"KSU.PR,0"
"KT,0"
"KTB,0"
"KTCC,0"
"KTF,0"
"KTH,0"
"KTN,0"
"KTOS,0"
"KTRA,0"
"KUKE,0"
"KURA,0"
"KVHI,0"
"KW,0"
"KWAC.U,0"
"KWR,0"
"KXIN,0"
"KYMR,0"
"KYN,0"
"KZIA,0"
"KZR,0"
"LAC,0"
"LACQ,0"
"LACQU,0"
"LACQW,0"
"LAD,0"
"LADR,0"
"LAIX,0"
"LAKE,0"
"LAMR,0"
"LANC,0"
"LAND,0"
"LANDM,0"
"LANDO,0"
"LANDP,0"
"LARK,0"
"LASR,0"
"LATN,0"
"LATNU,0"
"LATNW,0"
"LAUR,0"
"LAWS,0"
"LAZ,0"
"LAZR,0"
"LAZRW,0"
"LAZY,0"
"LB,0"
"LBAI,0"
"LBC,0"
"LBRDA,0"
"LBRDK,0"
"LBRDP,0"
"LBRT,0"
"LBTYA,0"
"LBTYB,0"
"LBTYK,0"
"LC,0"
"LCAP,0"
"LCAPU,0"
"LCAPW,0"
"LCI,0"
"LCII,0"
"LCNB,0"
"LCUT,0"
"LCY,0"
"LCYAU,0"
"LCYAW,0"
"LDL,0"
"LDOS,0"
"LDP,0"
"LE,0"
"LEA,0"
"LEAF,0"
"LEAP,0"
"LEAP.U,0"
"LEAP.WS,0"
"LECO,0"
"LEDS,0"
"LEE,0"
"LEG,0"
"LEGH,0"
"LEGN,0"
"LEGOU,0"
"LEJU,0"
"LEN,0"
"LEN.B,0"
"LEO,0"
"LESL,0"
"LEVI,0"
"LEVL,0"
"LEVLP,0"
"LEXX,0"
"LEXXW,0"
"LFC,0"
"LFT,0"
"LFTR,0"
"LFTRU,0"
"LFTRW,0"
"LFUS,0"
"LFVN,0"
"LGF.A,0"
"LGF.B,0"
"LGHL,0"
"LGHLW,0"
"LGI,0"
"LGIH,0"
"LGND,0"
"LGVW,0"
"LGVW.U,0"
"LGVW.WS,0"
"LH,0"
"LHC.U,0"
"LHCG,0"
"LHX,0"
"LI,0"
"LIFE,0"
"LII,0"
"LILA,0"
"LILAK,0"
"LIN,0"
"LINC,0"
"LIND,0"
"LINX,0"
"LIQT,0"
"LITB,0"
"LITE,0"
"LIVE,0"
"LIVK,0"
"LIVKU,0"
"LIVKW,0"
"LIVN,0"
"LIVX,0"
"LIXT,0"
"LIXTW,0"
"LIZI,0"
"LJAQU,0"
"LJPC,0"
"LKCO,0"
"LKFN,0"
"LKQ,0"
"LL,0"
"LLIT,0"
"LLNW,0"
"LLY,0"
"LMACU,0"
"LMAOU,0"
"LMAT,0"
"LMB,0"
"LMFA,0"
"LMND,0"
"LMNL,0"
"LMNR,0"
"LMNX,0"
"LMPX,0"
"LMRK,0"
"LMRKN,0"
"LMRKO,0"
"LMRKP,0"
"LMST,0"
"LMT,0"
"LNC,0"
"LND,0"
"LNDC,0"
"LNFA,0"
"LNFA.U,0"
"LNFA.WS,0"
"LNN,0"
"LNSR,0"
"LNT,0"
"LNTH,0"
"LOAC,0"
"LOACR,0"
"LOACU,0"
"LOACW,0"
"LOAN,0"
"LOB,0"
"LOCO,0"
"LOGC,0"
"LOGI,0"
"LOKB,0"
"LOKB.U,0"
"LOKB.WS,0"
"LOMA,0"
"LOOP,0"
"LOPE,0"
"LORL,0"
"LOTZ,0"
"LOTZW,0"
"LPCN,0"
"LPG,0"
"LPI,0"
"LPL,0"
"LPLA,0"
"LPRO,0"
"LPSN,0"
"LPTH,0"
"LPTX,0"
"LPX,0"
"LQDA,0"
"LQDT,0"
"LRCX,0"
"LRMR,0"
"LRN,0"
"LSAQ,0"
"LSBK,0"
"LSCC,0"
"LSEA,0"
"LSEAW,0"
"LSI,0"
"LSPD,0"
"LSTR,0"
"LSXMA,0"
"LSXMB,0"
"LSXMK,0"
"LTBR,0"
"LTC,0"
"LTHM,0"
"LTRN,0"
"LTRPA,0"
"LTRPB,0"
"LTRX,0"
"LU,0"
"LUB,0"
"LULU,0"
"LUMN,0"
"LUMO,0"
"LUNA,0"
"LUNG,0"
"LUV,0"
"LUXA,0"
"LUXAU,0"
"LUXAW,0"
"LVS,0"
"LW,0"
"LWACU,0"
"LWAY,0"
"LX,0"
"LXEH,0"
"LXP,0"
"LXP.PRC,0"
"LXRX,0"
"LXU,0"
"LYB,0"
"LYFT,0"
"LYG,0"
"LYL,0"
"LYRA,0"
"LYTS,0"
"LYV,0"
"LZB,0"
"M,0"
"MA,0"
"MAA,0"
"MAA.PRI,0"
"MAAC,0"
"MAACU,0"
"MAACW,0"
"MAC,0"
"MACK,0"
"MACU,0"
"MACUU,0"
"MACUW,0"
"MAGS,0"
"MAIN,0"
"MANH,0"
"MANT,0"
"MANU,0"
"MAR,0"
"MARA,0"
"MARK,0"
"MARKP,0"
"MARPS,0"
"MAS,0"
"MASI,0"
"MASS,0"
"MAT,0"
"MATW,0"
"MATX,0"
"MAV,0"
"MAXN,0"
"MAXR,0"
"MAYS,0"
"MBCN,0"
"MBI,0"
"MBII,0"
"MBIN,0"
"MBINO,0"
"MBINP,0"
"MBIO,0"
"MBNKP,0"
"MBOT,0"
"MBRX,0"
"MBT,0"
"MBUU,0"
"MBWM,0"
"MC,0"
"MCA,0"
"MCAC,0"
"MCACR,0"
"MCACU,0"
"MCADU,0"
"MCB,0"
"MCBC,0"
"MCBS,0"
"MCD,0"
"MCFE,0"
"MCFT,0"
"MCHP,0"
"MCHX,0"
"MCI,0"
"MCK,0"
"MCMJ,0"
"MCMJW,0"
"MCN,0"
"MCO,0"
"MCR,0"
"MCRB,0"
"MCRI,0"
"MCS,0"
"MCY,0"
"MD,0"
"MDB,0"
"MDC,0"
"MDCA,0"
"MDGL,0"
"MDGS,0"
"MDGSW,0"
"MDIA,0"
"MDJH,0"
"MDLA,0"
"MDLQ,0"
"MDLX,0"
"MDLY,0"
"MDLZ,0"
"MDNA,0"
"MDP,0"
"MDRR,0"
"MDRRP,0"
"MDRX,0"
"MDT,0"
"MDU,0"
"MDVL,0"
"MDWD,0"
"MDWT,0"
"MDXG,0"
"MEC,0"
"MED,0"
"MEDP,0"
"MEDS,0"
"MEG,0"
"MEI,0"
"MEIP,0"
"MELI,0"
"MEN,0"
"MEOH,0"
"MER.PRK,0"
"MERC,0"
"MESA,0"
"MESO,0"
"MET,0"
"MET.PRA,0"
"MET.PRE,0"
"MET.PRF,0"
"METC,0"
"METX,0"
"METXW,0"
"MFA,0"
"MFA.PRB,0"
"MFA.PRC,0"
"MFC,0"
"MFD,0"
"MFG,0"
"MFGP,0"
"MFH,0"
"MFIN,0"
"MFINL,0"
"MFL,0"
"MFM,0"
"MFNC,0"
"MFT,0"
"MFV,0"
"MG,0"
"MGA,0"
"MGEE,0"
"MGF,0"
"MGI,0"
"MGIC,0"
"MGLN,0"
"MGM,0"
"MGNI,0"
"MGNX,0"
"MGP,0"
"MGPI,0"
"MGR,0"
"MGRB,0"
"MGRC,0"
"MGTA,0"
"MGTX,0"
"MGU,0"
"MGY,0"
"MGYR,0"
"MH.PRA,0"
"MH.PRC,0"
"MH.PRD,0"
"MHD,0"
"MHE,0"
"MHF,0"
"MHI,0"
"MHK,0"
"MHLA,0"
"MHLD,0"
"MHN,0"
"MHNC,0"
"MHO,0"
"MIC,0"
"MICT,0"
"MIDD,0"
"MIE,0"
"MIK,0"
"MIME,0"
"MIN,0"
"MIND,0"
"MINDP,0"
"MIRM,0"
"MIST,0"
"MIT.U,0"
"MITK,0"
"MITO,0"
"MITT,0"
"MITT.PRA,0"
"MITT.PRB,0"
"MITT.PRC,0"
"MIXT,0"
"MIY,0"
"MKC,0"
"MKC.V,0"
"MKD,0"
"MKGI,0"
"MKL,0"
"MKSI,0"
"MKTX,0"
"MLAB,0"
"MLAC,0"
"MLACU,0"
"MLACW,0"
"MLCO,0"
"MLHR,0"
"MLI,0"
"MLM,0"
"MLND,0"
"MLP,0"
"MLR,0"
"MLVF,0"
"MMAC,0"
"MMC,0"
"MMD,0"
"MMI,0"
"MMLP,0"
"MMM,0"
"MMP,0"
"MMS,0"
"MMSI,0"
"MMT,0"
"MMU,0"
"MMYT,0"
"MN,0"
"MNDO,0"
"MNKD,0"
"MNOV,0"
"MNP,0"
"MNPR,0"
"MNR,0"
"MNR.PRC,0"
"MNRL,0"
"MNRO,0"
"MNSB,0"
"MNSBP,0"
"MNSO,0"
"MNST,0"
"MNTK,0"
"MNTX,0"
"MO,0"
"MOD,0"
"MODN,0"
"MODV,0"
"MOFG,0"
"MOG.A,0"
"MOG.B,0"
"MOGO,0"
"MOGU,0"
"MOH,0"
"MOHO,0"
"MOMO,0"
"MONCU,0"
"MOR,0"
"MORF,0"
"MORN,0"
"MOS,0"
"MOSY,0"
"MOTN,0"
"MOTNU,0"
"MOTNW,0"
"MOTS,0"
"MOTV.U,0"
"MOV,0"
"MOXC,0"
"MP,0"
"MP.WS,0"
"MPA,0"
"MPAA,0"
"MPB,0"
"MPC,0"
"MPLN,0"
"MPLN.WS,0"
"MPLX,0"
"MPV,0"
"MPW,0"
"MPWR,0"
"MPX,0"
"MQT,0"
"MQY,0"
"MRACU,0"
"MRAM,0"
"MRBK,0"
"MRC,0"
"MRCC,0"
"MRCCL,0"
"MRCY,0"
"MREO,0"
"MRIN,0"
"MRK,0"
"MRKR,0"
"MRLN,0"
"MRM,0"
"MRNA,0"
"MRNS,0"
"MRO,0"
"MRSN,0"
"MRTN,0"
"MRTX,0"
"MRUS,0"
"MRVI,0"
"MRVL,0"
"MS,0"
"MS.PRA,0"
"MS.PRE,0"
"MS.PRF,0"
"MS.PRI,0"
"MS.PRK,0"
"MS.PRL,0"
"MSA,0"
"MSB,0"
"MSBI,0"
"MSC,0"
"MSCI,0"
"MSD,0"
"MSEX,0"
"MSFT,0"
"MSGE,0"
"MSGM,0"
"MSGN,0"
"MSGS,0"
"MSI,0"
"MSM,0"
"MSON,0"
"MSP,0"
"MSTR,0"
"MSVB,0"
"MT,0"
"MTACU,0"
"MTB,0"
"MTBC,0"
"MTBCP,0"
"MTC,0"
"MTCH,0"
"MTCN,0"
"MTCR,0"
"MTD,0"
"MTDR,0"
"MTEM,0"
"MTEX,0"
"MTG,0"
"MTH,0"
"MTL,0"
"MTL.PR,0"
"MTLS,0"
"MTN,0"
"MTOR,0"
"MTP,0"
"MTR,0"
"MTRN,0"
"MTRX,0"
"MTSC,0"
"MTSI,0"
"MTSL,0"
"MTT,0"
"MTW,0"
"MTX,0"
"MTZ,0"
"MU,0"
"MUA,0"
"MUC,0"
"MUDS,0"
"MUDSU,0"
"MUDSW,0"
"MUE,0"
"MUFG,0"
"MUH,0"
"MUI,0"
"MUJ,0"
"MUR,0"
"MUS,0"
"MUSA,0"
"MUX,0"
"MVBF,0"
"MVF,0"
"MVIS,0"
"MVNR,0"
"MVO,0"
"MVT,0"
"MWA,0"
"MWK,0"
"MX,0"
"MXE,0"
"MXF,0"
"MXIM,0"
"MXL,0"
"MYC,0"
"MYD,0"
"MYE,0"
"MYF,0"
"MYFW,0"
"MYGN,0"
"MYI,0"
"MYJ,0"
"MYN,0"
"MYOV,0"
"MYRG,0"
"MYSZ,0"
"MYT,0"
"MYTE,0"
"MZA,0"
"NAACU,0"
"NAC,0"
"NAD,0"
"NAII,0"
"NAKD,0"
"NAN,0"
"NAOV,0"
"NARI,0"
"NAT,0"
"NATH,0"
"NATI,0"
"NATR,0"
"NAV,0"
"NAV.PRD,0"
"NAVI,0"
"NAZ,0"
"NBAC,0"
"NBACR,0"
"NBACU,0"
"NBACW,0"
"NBB,0"
"NBEV,0"
"NBHC,0"
"NBIX,0"
"NBLX,0"
"NBN,0"
"NBR,0"
"NBR.PRA,0"
"NBRV,0"
"NBSE,0"
"NBTB,0"
"NBTX,0"
"NC,0"
"NCA,0"
"NCB,0"
"NCBS,0"
"NCLH,0"
"NCMI,0"
"NCNA,0"
"NCNO,0"
"NCR,0"
"NCSM,0"
"NCTY,0"
"NCV,0"
"NCV.PRA,0"
"NCZ,0"
"NCZ.PRA,0"
"NDAQ,0"
"NDLS,0"
"NDMO,0"
"NDP,0"
"NDRA,0"
"NDRAW,0"
"NDSN,0"
"NEA,0"
"NEBC,0"
"NEBCU,0"
"NEBCW,0"
"NEE,0"
"NEE.PRK,0"
"NEE.PRN,0"
"NEE.PRO,0"
"NEE.PRP,0"
"NEE.PRQ,0"
"NEM,0"
"NEO,0"
"NEOG,0"
"NEON,0"
"NEOS,0"
"NEP,0"
"NEPH,0"
"NEPT,0"
"NERV,0"
"NESR,0"
"NESRW,0"
"NET,0"
"NETE,0"
"NEU,0"
"NEV,0"
"NEWA,0"
"NEWR,0"
"NEWT,0"
"NEWTI,0"
"NEWTL,0"
"NEWTZ,0"
"NEX,0"
"NEXA,0"
"NEXT,0"
"NFBK,0"
"NFE,0"
"NFG,0"
"NFH,0"
"NFH.WS,0"
"NFJ,0"
"NFLX,0"
"NGA,0"
"NGA.U,0"
"NGA.WS,0"
"NGAB.U,0"
"NGAC,0"
"NGACU,0"
"NGACW,0"
"NGG,0"
"NGHCO,0"
"NGHCP,0"
"NGHCZ,0"
"NGL,0"
"NGL.PRB,0"
"NGL.PRC,0"
"NGM,0"
"NGMS,0"
"NGS,0"
"NGVC,0"
"NGVT,0"
"NH,0"
"NHA,0"
"NHF,0"
"NHF.PRA,0"
"NHI,0"
"NHIC,0"
"NHICU,0"
"NHICW,0"
"NHLD,0"
"NHLDW,0"
"NHTC,0"
"NI,0"
"NI.PRB,0"
"NICE,0"
"NICK,0"
"NID,0"
"NIE,0"
"NIM,0"
"NINE,0"
"NIO,0"
"NIQ,0"
"NISN,0"
"NIU,0"
"NJR,0"
"NJV,0"
"NK,0"
"NKE,0"
"NKG,0"
"NKLA,0"
"NKSH,0"
"NKTR,0"
"NKTX,0"
"NKX,0"
"NL,0"
"NLOK,0"
"NLS,0"
"NLSN,0"
"NLSP,0"
"NLSPW,0"
"NLTX,0"
"NLY,0"
"NLY.PRF,0"
"NLY.PRG,0"
"NLY.PRI,0"
"NM,0"
"NM.PRG,0"
"NM.PRH,0"
"NMCI,0"
"NMCO,0"
"NMFC,0"
"NMFCL,0"
"NMI,0"
"NMIH,0"
"NMK.PRB,0"
"NMK.PRC,0"
"NMM,0"
"NMMC,0"
"NMMCU,0"
"NMMCW,0"
"NMR,0"
"NMRD,0"
"NMRK,0"
"NMS,0"
"NMT,0"
"NMTR,0"
"NMY,0"
"NMZ,0"
"NNA,0"
"NNBR,0"
"NNDM,0"
"NNI,0"
"NNN,0"
"NNN.PRF,0"
"NNOX,0"
"NNY,0"
"NOA,0"
"NOAC,0"
"NOACU,0"
"NOACW,0"
"NOAH,0"
"NOC,0"
"NODK,0"
"NOK,0"
"NOM,0"
"NOMD,0"
"NOV,0"
"NOVA,0"
"NOVN,0"
"NOVS,0"
"NOVSU,0"
"NOVSW,0"
"NOVT,0"
"NP,0"
"NPA,0"
"NPAUU,0"
"NPAWW,0"
"NPK,0"
"NPN,0"
"NPO,0"
"NPTN,0"
"NPV,0"
"NQP,0"
"NR,0"
"NRAC,0"
"NRACU,0"
"NRACW,0"
"NRBO,0"
"NRC,0"
"NREF,0"
"NREF.PRA,0"
"NRG,0"
"NRGX,0"
"NRIM,0"
"NRIX,0"
"NRK,0"
"NRP,0"
"NRT,0"
"NRUC,0"
"NRZ,0"
"NRZ.PRA,0"
"NRZ.PRB,0"
"NRZ.PRC,0"
"NS,0"
"NS.PRA,0"
"NS.PRB,0"
"NS.PRC,0"
"NSA,0"
"NSA.PRA,0"
"NSC,0"
"NSCO,0"
"NSCO.WS,0"
"NSEC,0"
"NSH,0"
"NSH.U,0"
"NSH.WS,0"
"NSIT,0"
"NSL,0"
"NSP,0"
"NSS,0"
"NSSC,0"
"NSTB.U,0"
"NSTG,0"
"NSYS,0"
"NTAP,0"
"NTB,0"
"NTCO,0"
"NTCT,0"
"NTEC,0"
"NTES,0"
"NTG,0"
"NTGR,0"
"NTIC,0"
"NTLA,0"
"NTNX,0"
"NTP,0"
"NTR,0"
"NTRA,0"
"NTRS,0"
"NTRSO,0"
"NTST,0"
"NTUS,0"
"NTWK,0"
"NTZ,0"
"NUAN,0"
"NUE,0"
"NUM,0"
"NUO,0"
"NURO,0"
"NUS,0"
"NUV,0"
"NUVA,0"
"NUW,0"
"NUZE,0"
"NVAX,0"
"NVCN,0"
"NVCR,0"
"NVDA,0"
"NVEC,0"
"NVEE,0"
"NVFY,0"
"NVG,0"
"NVGS,0"
"NVIV,0"
"NVMI,0"
"NVO,0"
"NVR,0"
"NVRO,0"
"NVS,0"
"NVST,0"
"NVT,0"
"NVTA,0"
"NWBI,0"
"NWE,0"
"NWFL,0"
"NWG,0"
"NWHM,0"
"NWL,0"
"NWLI,0"
"NWN,0"
"NWPX,0"
"NWS,0"
"NWSA,0"
"NX,0"
"NXC,0"
"NXGN,0"
"NXJ,0"
"NXMD,0"
"NXMDW,0"
"NXN,0"
"NXP,0"
"NXPI,0"
"NXQ,0"
"NXR,0"
"NXRT,0"
"NXST,0"
"NXTC,0"
"NXTD,0"
"NYC,0"
"NYCB,0"
"NYCB.PRA,0"
"NYCB.PRU,0"
"NYMT,0"
"NYMTM,0"
"NYMTN,0"
"NYMTO,0"
"NYMTP,0"
"NYMX,0"
"NYT,0"
"NYV,0"
"NZF,0"
"O,0"
"OACB,0"
"OACB.U,0"
"OACB.WS,0"
"OAK.PRA,0"
"OAK.PRB,0"
"OAS,0"
"OBAS,0"
"OBCI,0"
"OBLN,0"
"OBNK,0"
"OBSV,0"
"OC,0"
"OCA,0"
"OCA.U,0"
"OCA.WS,0"
"OCAXU,0"
"OCC,0"
"OCCI,0"
"OCCIP,0"
"OCDX,0"
"OCFC,0"
"OCFCP,0"
"OCFT,0"
"OCG,0"
"OCGN,0"
"OCN,0"
"OCSI,0"
"OCSL,0"
"OCUL,0"
"OCUP,0"
"ODC,0"
"ODFL,0"
"ODP,0"
"ODT,0"
"OEC,0"
"OEG,0"
"OEPWU,0"
"OESX,0"
"OFC,0"
"OFED,0"
"OFG,0"
"OFG.PRA,0"
"OFG.PRB,0"
"OFG.PRD,0"
"OFIX,0"
"OFLX,0"
"OFS,0"
"OFSSG,0"
"OFSSI,0"
"OFSSL,0"
"OFSSZ,0"
"OGE,0"
"OGI,0"
"OGS,0"
"OHI,0"
"OI,0"
"OIA,0"
"OIBR.C,0"
"OII,0"
"OIIM,0"
"OIS,0"
"OKE,0"
"OKTA,0"
"OLB,0"
"OLED,0"
"OLLI,0"
"OLMA,0"
"OLN,0"
"OLP,0"
"OM,0"
"OMAB,0"
"OMC,0"
"OMCL,0"
"OMEG,0"
"OMER,0"
"OMEX,0"
"OMF,0"
"OMI,0"
"OMP,0"
"ONB,0"
"ONCR,0"
"ONCS,0"
"ONCT,0"
"ONCY,0"
"ONDS,0"
"ONEM,0"
"ONEW,0"
"ONTO,0"
"ONTX,0"
"ONTXW,0"
"ONVO,0"
"OOMA,0"
"OPBK,0"
"OPCH,0"
"OPENW,0"
"OPGN,0"
"OPHC,0"
"OPI,0"
"OPINI,0"
"OPINL,0"
"OPK,0"
"OPNT,0"
"OPOF,0"
"OPP,0"
"OPP.PRA,0"
"OPRA,0"
"OPRT,0"
"OPRX,0"
"OPT,0"
"OPTN,0"
"OPTT,0"
"OPY,0"
"ORA,0"
"ORAN,0"
"ORBC,0"
"ORC,0"
"ORCC,0"
"ORCL,0"
"ORGO,0"
"ORGS,0"
"ORI,0"
"ORIC,0"
"ORLY,0"
"ORMP,0"
"ORN,0"
"ORPH,0"
"ORRF,0"
"ORTX,0"
"OSB,0"
"OSBC,0"
"OSG,0"
"OSH,0"
"OSIS,0"
"OSK,0"
"OSMT,0"
"OSN,0"
"OSPN,0"
"OSS,0"
"OSTK,0"
"OSTRU,0"
"OSUR,0"
"OSW,0"
"OTEL,0"
"OTEX,0"
"OTIC,0"
"OTIS,0"
"OTLK,0"
"OTLKW,0"
"OTRA,0"
"OTRAU,0"
"OTRAW,0"
"OTRK,0"
"OTRKP,0"
"OTTR,0"
"OVBC,0"
"OVID,0"
"OVLY,0"
"OVV,0"
"OXBR,0"
"OXBRW,0"
"OXFD,0"
"OXLC,0"
"OXLCM,0"
"OXLCO,0"
"OXLCP,0"
"OXM,0"
"OXSQ,0"
"OXSQL,0"
"OXSQZ,0"
"OXY,0"
"OXY.WS,0"
"OYST,0"
"OZK,0"
"OZON,0"
"PAA,0"
"PAAS,0"
"PAC,0"
"PACB,0"
"PACE,0"
"PACE.U,0"
"PACE.WS,0"
"PACK,0"
"PACW,0"
"PACXU,0"
"PAE,0"
"PAEWW,0"
"PAG,0"
"PAGP,0"
"PAGS,0"
"PAHC,0"
"PAI,0"
"PAIC,0"
"PAICU,0"
"PAICW,0"
"PAM,0"
"PANA,0"
"PANA.U,0"
"PANA.WS,0"
"PAND,0"
"PANL,0"
"PANW,0"
"PAQCU,0"
"PAR,0"
"PARR,0"
"PASG,0"
"PATI,0"
"PATK,0"
"PAVM,0"
"PAVMW,0"
"PAVMZ,0"
"PAX,0"
"PAYA,0"
"PAYAW,0"
"PAYC,0"
"PAYS,0"
"PAYX,0"
"PB,0"
"PBA,0"
"PBB,0"
"PBC,0"
"PBCT,0"
"PBCTP,0"
"PBF,0"
"PBFS,0"
"PBFX,0"
"PBH,0"
"PBHC,0"
"PBI,0"
"PBI.PRB,0"
"PBIP,0"
"PBLA,0"
"PBPB,0"
"PBR,0"
"PBR.A,0"
"PBT,0"
"PBTS,0"
"PBY,0"
"PBYI,0"
"PCAR,0"
"PCB,0"
"PCF,0"
"PCG,0"
"PCGU,0"
"PCH,0"
"PCI,0"
"PCK,0"
"PCM,0"
"PCN,0"
"PCOM,0"
"PCPC.U,0"
"PCPL,0"
"PCPL.U,0"
"PCPL.WS,0"
"PCQ,0"
"PCRX,0"
"PCSA,0"
"PCSB,0"
"PCTI,0"
"PCTY,0"
"PCVX,0"
"PCYG,0"
"PCYO,0"
"PD,0"
"PDAC,0"
"PDAC.U,0"
"PDAC.WS,0"
"PDCE,0"
"PDCO,0"
"PDD,0"
"PDEX,0"
"PDFS,0"
"PDI,0"
"PDLB,0"
"PDM,0"
"PDO,0"
"PDS,0"
"PDSB,0"
"PDT,0"
"PEAK,0"
"PEB,0"
"PEB.PRC,0"
"PEB.PRD,0"
"PEB.PRE,0"
"PEB.PRF,0"
"PEBK,0"
"PEBO,0"
"PEG,0"
"PEGA,0"
"PEI,0"
"PEI.PRB,0"
"PEI.PRC,0"
"PEI.PRD,0"
"PEIX,0"
"PEN,0"
"PENN,0"
"PEO,0"
"PEP,0"
"PERI,0"
"PESI,0"
"PETQ,0"
"PETS,0"
"PETZ,0"
"PFBC,0"
"PFBI,0"
"PFC,0"
"PFD,0"
"PFE,0"
"PFG,0"
"PFGC,0"
"PFH,0"
"PFHD,0"
"PFIE,0"
"PFIN,0"
"PFIS,0"
"PFL,0"
"PFLT,0"
"PFMT,0"
"PFN,0"
"PFO,0"
"PFPT,0"
"PFS,0"
"PFSI,0"
"PFSW,0"
"PFX,0"
"PFXNL,0"
"PG,0"
"PGC,0"
"PGEN,0"
"PGNY,0"
"PGP,0"
"PGR,0"
"PGRE,0"
"PGTI,0"
"PGZ,0"
"PH,0"
"PHAR,0"
"PHAS,0"
"PHAT,0"
"PHCF,0"
"PHD,0"
"PHG,0"
"PHI,0"
"PHIC,0"
"PHICU,0"
"PHICW,0"
"PHIO,0"
"PHIOW,0"
"PHK,0"
"PHM,0"
"PHR,0"
"PHT,0"
"PHUN,0"
"PHUNW,0"
"PHX,0"
"PI,0"
"PIAI,0"
"PIAI.U,0"
"PIAI.WS,0"
"PICO,0"
"PII,0"
"PIM,0"
"PINC,0"
"PINE,0"
"PING,0"
"PINS,0"
"PIPP,0"
"PIPP.U,0"
"PIPP.WS,0"
"PIPR,0"
"PIRS,0"
"PIXY,0"
"PJT,0"
"PK,0"
"PKBK,0"
"PKE,0"
"PKG,0"
"PKI,0"
"PKO,0"
"PKOH,0"
"PKX,0"
"PLAB,0"
"PLAN,0"
"PLAY,0"
"PLBC,0"
"PLCE,0"
"PLD,0"
"PLIN,0"
"PLL,0"
"PLMR,0"
"PLNT,0"
"PLOW,0"
"PLPC,0"
"PLRX,0"
"PLSE,0"
"PLT,0"
"PLTK,0"
"PLTR,0"
"PLUG,0"
"PLUS,0"
"PLXP,0"
"PLXS,0"
"PLYA,0"
"PLYM,0"
"PM,0"
"PMBC,0"
"PMD,0"
"PME,0"
"PMF,0"
"PML,0"
"PMM,0"
"PMO,0"
"PMT,0"
"PMT.PRA,0"
"PMT.PRB,0"
"PMVC,0"
"PMVC.U,0"
"PMVC.WS,0"
"PMVP,0"
"PMX,0"
"PNBK,0"
"PNC,0"
"PNC.PRP,0"
"PNF,0"
"PNFP,0"
"PNFPP,0"
"PNI,0"
"PNM,0"
"PNNT,0"
"PNNTG,0"
"PNR,0"
"PNRG,0"
"PNTG,0"
"PNTM.U,0"
"PNW,0"
"POAI,0"
"PODD,0"
"POLA,0"
"POOL,0"
"POR,0"
"POSH,0"
"POST,0"
"POWI,0"
"POWL,0"
"POWRU,0"
"POWW,0"
"PPBI,0"
"PPBT,0"
"PPC,0"
"PPD,0"
"PPG,0"
"PPGHU,0"
"PPIH,0"
"PPL,0"
"PPR,0"
"PPSI,0"
"PPT,0"
"PPX,0"
"PQG,0"
"PRA,0"
"PRAA,0"
"PRAH,0"
"PRAX,0"
"PRCH,0"
"PRCHW,0"
"PRDO,0"
"PRE.PRG,0"
"PRE.PRH,0"
"PRE.PRI,0"
"PRFT,0"
"PRFX,0"
"PRG,0"
"PRGO,0"
"PRGS,0"
"PRGX,0"
"PRI,0"
"PRIF.PRA,0"
"PRIF.PRB,0"
"PRIF.PRC,0"
"PRIF.PRD,0"
"PRIF.PRE,0"
"PRIF.PRF,0"
"PRIM,0"
"PRLB,0"
"PRLD,0"
"PRMW,0"
"PRO,0"
"PROF,0"
"PROG,0"
"PROS,0"
"PROV,0"
"PRPB,0"
"PRPB.U,0"
"PRPB.WS,0"
"PRPH,0"
"PRPL,0"
"PRPO,0"
"PRQR,0"
"PRS,0"
"PRSP,0"
"PRSRU,0"
"PRT,0"
"PRTA,0"
"PRTC,0"
"PRTH,0"
"PRTK,0"
"PRTS,0"
"PRTY,0"
"PRU,0"
"PRVB,0"
"PS,0"
"PSA,0"
"PSA.PRC,0"
"PSA.PRD,0"
"PSA.PRE,0"
"PSA.PRF,0"
"PSA.PRG,0"
"PSA.PRH,0"
"PSA.PRI,0"
"PSA.PRJ,0"
"PSA.PRK,0"
"PSA.PRL,0"
"PSA.PRM,0"
"PSA.PRN,0"
"PSA.PRO,0"
"PSAC,0"
"PSACU,0"
"PSACW,0"
"PSB,0"
"PSB.PRW,0"
"PSB.PRX,0"
"PSB.PRY,0"
"PSB.PRZ,0"
"PSEC,0"
"PSF,0"
"PSHG,0"
"PSMT,0"
"PSN,0"
"PSNL,0"
"PSO,0"
"PSTG,0"
"PSTH,0"
"PSTH.WS,0"
"PSTI,0"
"PSTL,0"
"PSTV,0"
"PSTX,0"
"PSX,0"
"PSXP,0"
"PT,0"
"PTA,0"
"PTC,0"
"PTCT,0"
"PTE,0"
"PTEN,0"
"PTGX,0"
"PTIC,0"
"PTICU,0"
"PTICW,0"
"PTMN,0"
"PTNR,0"
"PTON,0"
"PTPI,0"
"PTR,0"
"PTRS,0"
"PTSI,0"
"PTVCA,0"
"PTVCB,0"
"PTVE,0"
"PTY,0"
"PUBM,0"
"PUK,0"
"PUK.PR,0"
"PUK.PRA,0"
"PULM,0"
"PUMP,0"
"PUYI,0"
"PV.U,0"
"PVAC,0"
"PVBC,0"
"PVG,0"
"PVH,0"
"PVL,0"
"PWFL,0"
"PWOD,0"
"PWR,0"
"PXD,0"
"PXLW,0"
"PXS,0"
"PXSAP,0"
"PXSAW,0"
"PYN,0"
"PYPD,0"
"PYPL,0"
"PYS,0"
"PYT,0"
"PZC,0"
"PZN,0"
"PZZA,0"
"QADA,0"
"QADB,0"
"QCOM,0"
"QCRH,0"
"QD,0"
"QDEL,0"
"QELL,0"
"QELLU,0"
"QELLW,0"
"QEP,0"
"QFIN,0"
"QGEN,0"
"QH,0"
"QIWI,0"
"QK,0"
"QLGN,0"
"QLI,0"
"QLYS,0"
"QMCO,0"
"QNST,0"
"QQQX,0"
"QRHC,0"
"QRTEA,0"
"QRTEB,0"
"QRTEP,0"
"QRVO,0"
"QS,0"
"QS.WS,0"
"QSR,0"
"QTNT,0"
"QTRX,0"
"QTS,0"
"QTS.PRA,0"
"QTS.PRB,0"
"QTT,0"
"QTWO,0"
"QUAD,0"
"QUIK,0"
"QUMU,0"
"QUOT,0"
"QURE,0"
"QVCC,0"
"QVCD,0"
"R,0"
"RA,0"
"RAACU,0"
"RACA,0"
"RACE,0"
"RAD,0"
"RADA,0"
"RADI,0"
"RAIL,0"
"RAMP,0"
"RAND,0"
"RAPT,0"
"RARE,0"
"RAVE,0"
"RAVN,0"
"RBA,0"
"RBAC,0"
"RBAC.U,0"
"RBAC.WS,0"
"RBB,0"
"RBBN,0"
"RBC,0"
"RBCAA,0"
"RBCN,0"
"RBKB,0"
"RBNC,0"
"RC,0"
"RCA,0"
"RCB,0"
"RCEL,0"
"RCHG,0"
"RCHGU,0"
"RCHGW,0"
"RCI,0"
"RCII,0"
"RCKT,0"
"RCKY,0"
"RCL,0"
"RCM,0"
"RCMT,0"
"RCON,0"
"RCP,0"
"RCS,0"
"RCUS,0"
"RDCM,0"
"RDFN,0"
"RDHL,0"
"RDI,0"
"RDIB,0"
"RDN,0"
"RDNT,0"
"RDS.A,0"
"RDS/B,0"
"RDUS,0"
"RDVT,0"
"RDWR,0"
"RDY,0"
"RE,0"
"REAL,0"
"REDU,0"
"REED,0"
"REFR,0"
"REG,0"
"REGI,0"
"REGN,0"
"REKR,0"
"RELL,0"
"RELX,0"
"RENN,0"
"REPH,0"
"REPL,0"
"RES,0"
"RESN,0"
"RETA,0"
"RETO,0"
"REV,0"
"REVG,0"
"REX,0"
"REXR,0"
"REXR.PRA,0"
"REXR.PRB,0"
"REXR.PRC,0"
"REYN,0"
"REZI,0"
"RF,0"
"RF.PRA,0"
"RF.PRB,0"
"RF.PRC,0"
"RFI,0"
"RFIL,0"
"RFL,0"
"RFM,0"
"RFP,0"
"RGA,0"
"RGCO,0"
"RGEN,0"
"RGLD,0"
"RGLS,0"
"RGNX,0"
"RGP,0"
"RGR,0"
"RGS,0"
"RGT,0"
"RHI,0"
"RHP,0"
"RIBT,0"
"RICE,0"
"RICE.U,0"
"RICE.WS,0"
"RICK,0"
"RIG,0"
"RIGL,0"
"RILY,0"
"RILYG,0"
"RILYH,0"
"RILYI,0"
"RILYL,0"
"RILYM,0"
"RILYN,0"
"RILYO,0"
"RILYP,0"
"RILYT,0"
"RILYZ,0"
"RIO,0"
"RIOT,0"
"RIV,0"
"RIVE,0"
"RJF,0"
"RKDA,0"
"RKT,0"
"RL,0"
"RLAY,0"
"RLGY,0"
"RLH,0"
"RLI,0"
"RLJ,0"
"RLJ.PRA,0"
"RLMD,0"
"RLX,0"
"RM,0"
"RMAX,0"
"RMBI,0"
"RMBL,0"
"RMBS,0"
"RMCF,0"
"RMD,0"
"RMGB,0"
"RMGBU,0"
"RMGBW,0"
"RMI,0"
"RMM,0"
"RMNI,0"
"RMO,0"
"RMO.WS,0"
"RMPL.PR,0"
"RMR,0"
"RMRM,0"
"RMT,0"
"RMTI,0"
"RNA,0"
"RNDB,0"
"RNET,0"
"RNG,0"
"RNGR,0"
"RNLX,0"
"RNP,0"
"RNR,0"
"RNR.PRE,0"
"RNR.PRF,0"
"RNST,0"
"RNWK,0"
"ROAD,0"
"ROCC,0"
"ROCCU,0"
"ROCCW,0"
"ROCH,0"
"ROCHU,0"
"ROCHW,0"
"ROCK,0"
"ROG,0"
"ROIC,0"
"ROK,0"
"ROKU,0"
"ROL,0"
"ROLL,0"
"ROOT,0"
"ROP,0"
"ROST,0"
"ROT.U,0"
"RP,0"
"RPAI,0"
"RPAY,0"
"RPD,0"
"RPLA,0"
"RPLA.U,0"
"RPLA.WS,0"
"RPM,0"
"RPRX,0"
"RPT,0"
"RPT.PRD,0"
"RPTX,0"
"RQI,0"
"RRBI,0"
"RRC,0"
"RRD,0"
"RRGB,0"
"RRR,0"
"RS,0"
"RSF,0"
"RSG,0"
"RSI,0"
"RSI.WS,0"
"RSSS,0"
"RSVA,0"
"RSVAU,0"
"RSVAW,0"
"RTLR,0"
"RTP,0"
"RTP.U,0"
"RTP.WS,0"
"RTPZ,0"
"RTPZ.U,0"
"RTPZ.WS,0"
"RTX,0"
"RUBY,0"
"RUHN,0"
"RUN,0"
"RUSHA,0"
"RUSHB,0"
"RUTH,0"
"RVI,0"
"RVLV,0"
"RVMD,0"
"RVNC,0"
"RVPH,0"
"RVPHW,0"
"RVSB,0"
"RVT,0"
"RWLK,0"
"RWT,0"
"RXN,0"
"RXT,0"
"RY,0"
"RY.PRT,0"
"RYAAY,0"
"RYAM,0"
"RYB,0"
"RYI,0"
"RYN,0"
"RYTM,0"
"RZA,0"
"RZB,0"
"RZLT,0"
"SA,0"
"SABR,0"
"SABRP,0"
"SAF,0"
"SAFE,0"
"SAFM,0"
"SAFT,0"
"SAGE,0"
"SAH,0"
"SAIA,0"
"SAIC,0"
"SAII,0"
"SAIIU,0"
"SAIIW,0"
"SAIL,0"
"SAK,0"
"SAL,0"
"SALM,0"
"SALT,0"
"SAM,0"
"SAMG,0"
"SAN,0"
"SAND          ,0"
"SANM,0"
"SANW,0"
"SAP,0"
"SAR,0"
"SASR,0"
"SATS,0"
"SAVA,0"
"SAVE,0"
"SB,0"
"SB.PRC,0"
"SB.PRD,0"
"SBAC,0"
"SBBA,0"
"SBBP,0"
"SBCF,0"
"SBE,0"
"SBE.U,0"
"SBE.WS,0"
"SBFG,0"
"SBG,0"
"SBG.U,0"
"SBG.WS,0"
"SBGI,0"
"SBH,0"
"SBI,0"
"SBLK,0"
"SBLKZ,0"
"SBNY,0"
"SBNYP,0"
"SBOW,0"
"SBR,0"
"SBRA,0"
"SBS,0"
"SBSI,0"
"SBSW,0"
"SBT,0"
"SBTX,0"
"SBUX,0"
"SC,0"
"SCA,0"
"SCCO,0"
"SCD,0"
"SCE.PRG,0"
"SCE.PRH,0"
"SCE.PRJ,0"
"SCE.PRK,0"
"SCE.PRL,0"
"SCHL,0"
"SCHN,0"
"SCHW,0"
"SCHW.PRC,0"
"SCHW.PRD,0"
"SCI,0"
"SCKT,0"
"SCL,0"
"SCM,0"
"SCOAU,0"
"SCOR,0"
"SCPE,0"
"SCPE.U,0"
"SCPE.WS,0"
"SCPH,0"
"SCPL,0"
"SCPS,0"
"SCS,0"
"SCSC,0"
"SCU,0"
"SCVL,0"
"SCVX,0"
"SCVX.U,0"
"SCVX.WS,0"
"SCWX,0"
"SCX,0"
"SCYX,0"
"SD,0"
"SDC,0"
"SDGR,0"
"SDHY,0"
"SE,0"
"SEAC,0"
"SEAH,0"
"SEAH.U,0"
"SEAH.WS,0"
"SEAS,0"
"SECO,0"
"SEDG,0"
"SEED,0"
"SEEL,0"
"SEER,0"
"SEGR,0"
"SEIC,0"
"SELB,0"
"SELF,0"
"SEM,0"
"SENEA,0"
"SENEB,0"
"SESN,0"
"SF,0"
"SF.PRA,0"
"SF.PRB,0"
"SF.PRC,0"
"SFB,0"
"SFBC,0"
"SFBS,0"
"SFE,0"
"SFET,0"
"SFIX,0"
"SFL,0"
"SFM,0"
"SFNC,0"
"SFST,0"
"SFT,0"
"SFTW,0"
"SFTW.U,0"
"SFTW.WS,0"
"SFUN,0"
"SG,0"
"SGA,0"
"SGAM,0"
"SGAMU,0"
"SGAMW,0"
"SGBX,0"
"SGC,0"
"SGEN,0"
"SGH,0"
"SGLB,0"
"SGLBW,0"
"SGMA,0"
"SGMO,0"
"SGMS,0"
"SGOC,0"
"SGRP,0"
"SGRY,0"
"SGTX,0"
"SGU,0"
"SHACU,0"
"SHAK,0"
"SHBI,0"
"SHC,0"
"SHEN,0"
"SHG,0"
"SHI,0"
"SHIP,0"
"SHIPW,0"
"SHIPZ,0"
"SHLS,0"
"SHLX,0"
"SHO,0"
"SHO.PRE,0"
"SHO.PRF,0"
"SHOO,0"
"SHOP,0"
"SHSP,0"
"SHW,0"
"SHYF,0"
"SI,0"
"SIBN,0"
"SIC,0"
"SID,0"
"SIEB,0"
"SIEN,0"
"SIFY,0"
"SIG,0"
"SIGA,0"
"SIGI,0"
"SIGIP,0"
"SII,0"
"SILC,0"
"SILK,0"
"SIMO,0"
"SINA,0"
"SINO,0"
"SINT,0"
"SIOX,0"
"SIRI,0"
"SITC,0"
"SITC.PRA,0"
"SITC.PRK,0"
"SITE,0"
"SITM,0"
"SIVB,0"
"SIVBP,0"
"SIX,0"
"SJ,0"
"SJI,0"
"SJIJ,0"
"SJIU,0"
"SJM,0"
"SJR,0"
"SJT,0"
"SJW,0"
"SKLZ,0"
"SKLZ.WS,0"
"SKM,0"
"SKT,0"
"SKX,0"
"SKY,0"
"SKYW,0"
"SLAB,0"
"SLB,0"
"SLCA,0"
"SLCRU,0"
"SLCT,0"
"SLDB,0"
"SLF,0"
"SLG,0"
"SLG.PRI,0"
"SLGG,0"
"SLGL,0"
"SLGN,0"
"SLM,0"
"SLMBP,0"
"SLN,0"
"SLNO,0"
"SLP,0"
"SLQT,0"
"SLRC,0"
"SLRX,0"
"SLS,0"
"SM,0"
"SMAR,0"
"SMBC,0"
"SMBK,0"
"SMCI,0"
"SMED,0"
"SMFG,0"
"SMG,0"
"SMHI,0"
"SMID,0"
"SMIT,0"
"SMLP,0"
"SMM,0"
"SMMF,0"
"SMMT,0"
"SMP,0"
"SMPL,0"
"SMSI,0"
"SMTC,0"
"SMTI,0"
"SMTX,0"
"SNA,0"
"SNAP,0"
"SNBR,0"
"SNCA,0"
"SNCR,0"
"SND,0"
"SNDE,0"
"SNDL,0"
"SNDR,0"
"SNDX,0"
"SNE,0"
"SNES,0"
"SNEX,0"
"SNFCA,0"
"SNGX,0"
"SNGXW,0"
"SNN,0"
"SNOA,0"
"SNOW,0"
"SNP,0"
"SNPR,0"
"SNPR.U,0"
"SNPR.WS,0"
"SNPS,0"
"SNR,0"
"SNRHU,0"
"SNSS,0"
"SNV,0"
"SNV.PRD,0"
"SNV.PRE,0"
"SNX,0"
"SNY,0"
"SOAC,0"
"SOAC.U,0"
"SOAC.WS,0"
"SOGO,0"
"SOHO,0"
"SOHOB,0"
"SOHON,0"
"SOHOO,0"
"SOHU,0"
"SOI,0"
"SOJB,0"
"SOJC,0"
"SOJD,0"
"SOJE,0"
"SOL,0"
"SOLN,0"
"SOLO,0"
"SOLOW,0"
"SOLY,0"
"SON,0"
"SONA,0"
"SONM,0"
"SONN,0"
"SONO,0"
"SOR,0"
"SOS,0"
"SP,0"
"SPB,0"
"SPCB,0"
"SPCE,0"
"SPE,0"
"SPE.PRB,0"
"SPEL,0"
"SPFI,0"
"SPFR,0"
"SPFR.U,0"
"SPFR.WS,0"
"SPG,0"
"SPG.PRJ,0"
"SPGI,0"
"SPH,0"
"SPI,0"
"SPKE,0"
"SPKEP,0"
"SPLK,0"
"SPLP,0"
"SPLP.PRA,0"
"SPNE,0"
"SPNS,0"
"SPNV,0"
"SPNV.U,0"
"SPNV.WS,0"
"SPOK,0"
"SPOT,0"
"SPPI,0"
"SPR,0"
"SPRB,0"
"SPRO,0"
"SPRQ,0"
"SPRQ.U,0"
"SPRQ.WS,0"
"SPRT,0"
"SPSC,0"
"SPT,0"
"SPTN,0"
"SPWH,0"
"SPWR,0"
"SPXC,0"
"SPXX,0"
"SQ,0"
"SQBG,0"
"SQFT,0"
"SQM,0"
"SQNS,0"
"SQZ,0"
"SR,0"
"SR.PRA,0"
"SRAC,0"
"SRACU,0"
"SRACW,0"
"SRAX,0"
"SRC,0"
"SRC.PRA,0"
"SRCE,0"
"SRCL,0"
"SRDX,0"
"SRE,0"
"SRE.PRB,0"
"SREA,0"
"SREV,0"
"SRG,0"
"SRG.PRA,0"
"SRGA,0"
"SRI,0"
"SRL,0"
"SRLP,0"
"SRNE,0"
"SRPT,0"
"SRRA,0"
"SRRK,0"
"SRSA,0"
"SRSAU,0"
"SRSAW,0"
"SRT,0"
"SRTS,0"
"SRV,0"
"SSAAU,0"
"SSB,0"
"SSBI,0"
"SSD,0"
"SSKN,0"
"SSL,0"
"SSNC,0"
"SSNT,0"
"SSP,0"
"SSPK,0"
"SSPKU,0"
"SSPKW,0"
"SSRM,0"
"SSSS,0"
"SSTI,0"
"SSTK,0"
"SSYS,0"
"ST,0"
"STAA,0"
"STAF,0"
"STAG,0"
"STAG.PRC,0"
"STAR          ,0"
"STAR.PRD,0"
"STAR.PRG,0"
"STAR.PRI,0"
"STAY,0"
"STBA,0"
"STC,0"
"STCN,0"
"STE,0"
"STEP,0"
"STFC,0"
"STG,0"
"STIC,0"
"STIC.U,0"
"STIC.WS,0"
"STIM,0"
"STK,0"
"STKL,0"
"STKS,0"
"STL,0"
"STL.PRA,0"
"STLA,0"
"STLD,0"
"STM,0"
"STMP,0"
"STN,0"
"STND,0"
"STNE,0"
"STNG,0"
"STOK,0"
"STON,0"
"STOR,0"
"STPC.U,0"
"STPK,0"
"STPK.U,0"
"STPK.WS,0"
"STRA,0"
"STRL,0"
"STRM,0"
"STRO,0"
"STRR,0"
"STRRP,0"
"STRS,0"
"STRT,0"
"STSA,0"
"STT,0"
"STT.PRD,0"
"STT.PRG,0"
"STTK,0"
"STWD,0"
"STWO,0"
"STWOU,0"
"STWOW,0"
"STX,0"
"STXB,0"
"STZ,0"
"STZ/B,0"
"SU,0"
"SUI,0"
"SUM,0"
"SUMO,0"
"SUMR,0"
"SUN,0"
"SUNS,0"
"SUNW,0"
"SUP,0"
"SUPN,0"
"SUPV,0"
"SURF,0"
"SUZ,0"
"SV,0"
"SVA,0"
"SVAC,0"
"SVACU,0"
"SVACW,0"
"SVBI,0"
"SVC,0"
"SVFA,0"
"SVFAU,0"
"SVFAW,0"
"SVMK,0"
"SVOKU,0"
"SVRA,0"
"SVSVU,0"
"SVSVW,0"
"SVVC,0"
"SWAV,0"
"SWBI,0"
"SWBK.U,0"
"SWCH,0"
"SWETU,0"
"SWI,0"
"SWIR,0"
"SWK,0"
"SWKH,0"
"SWKS,0"
"SWM,0"
"SWN,0"
"SWT,0"
"SWTX,0"
"SWX,0"
"SWZ,0"
"SXC,0"
"SXI,0"
"SXT,0"
"SXTC,0"
"SY,0"
"SYBT,0"
"SYBX,0"
"SYF,0"
"SYF.PRA,0"
"SYK,0"
"SYKE,0"
"SYNA,0"
"SYNC,0"
"SYNH,0"
"SYNL,0"
"SYPR,0"
"SYRS,0"
"SYTA,0"
"SYTAW,0"
"SYX,0"
"SYY,0"
"SZC,0"
"T,0"
"T.PRA,0"
"T.PRC,0"
"TA,0"
"TAC,0"
"TACA,0"
"TACA.U,0"
"TACA.WS,0"
"TACO,0"
"TACT,0"
"TAIT,0"
"TAK,0"
"TAL,0"
"TALO,0"
"TANH,0"
"TANNI,0"
"TANNL,0"
"TANNZ,0"
"TAOP,0"
"TAP,0"
"TAP.A,0"
"TARA,0"
"TARO,0"
"TARS,0"
"TAST,0"
"TATT,0"
"TAYD,0"
"TBA,0"
"TBB,0"
"TBBK,0"
"TBC,0"
"TBI,0"
"TBIO,0"
"TBK,0"
"TBKCP,0"
"TBLT,0"
"TBLTW,0"
"TBNK,0"
"TBPH,0"
"TC,0"
"TCBI,0"
"TCBIL,0"
"TCBIP,0"
"TCBK,0"
"TCDA,0"
"TCF,0"
"TCFC,0"
"TCFCP,0"
"TCI,0"
"TCMD,0"
"TCOM,0"
"TCON,0"
"TCP,0"
"TCPC,0"
"TCRR,0"
"TCS,0"
"TCX,0"
"TD,0"
"TDA,0"
"TDAC,0"
"TDACU,0"
"TDACW,0"
"TDC,0"
"TDE,0"
"TDF,0"
"TDG,0"
"TDI,0"
"TDJ,0"
"TDOC,0"
"TDS,0"
"TDW,0"
"TDW.WS.A,0"
"TDW.WS.B,0"
"TDY,0"
"TEAF,0"
"TEAM,0"
"TECH,0"
"TECK,0"
"TECTP,0"
"TEDU,0"
"TEF,0"
"TEI,0"
"TEKK,0"
"TEKKU,0"
"TEKKW,0"
"TEL,0"
"TELA,0"
"TELL,0"
"TEN,0"
"TENB,0"
"TENX,0"
"TEO,0"
"TER,0"
"TESS,0"
"TEVA,0"
"TEX,0"
"TFC,0"
"TFC.PRF,0"
"TFC.PRG,0"
"TFC.PRH,0"
"TFC.PRI,0"
"TFC.PRO,0"
"TFC.PRR,0"
"TFFP,0"
"TFII,0"
"TFSL,0"
"TFX,0"
"TG,0"
"TGA,0"
"TGH,0"
"TGI,0"
"TGLS,0"
"TGNA,0"
"TGP,0"
"TGP.PRA,0"
"TGP.PRB,0"
"TGS,0"
"TGT,0"
"TGTX,0"
"TH,0"
"THBR,0"
"THBRU,0"
"THBRW,0"
"THC,0"
"THCA,0"
"THCAU,0"
"THCAW,0"
"THCB,0"
"THCBU,0"
"THCBW,0"
"THFF,0"
"THG,0"
"THMO,0"
"THO,0"
"THQ,0"
"THR,0"
"THRM,0"
"THRY,0"
"THS,0"
"THTX,0"
"THW,0"
"THWWW,0"
"TIG,0"
"TIGO,0"
"TIGR,0"
"TILE,0"
"TIMB,0"
"TINV,0"
"TINV.U,0"
"TINV.WS,0"
"TIPT,0"
"TIRX,0"
"TISI,0"
"TITN,0"
"TJX,0"
"TK,0"
"TKC,0"
"TKR,0"
"TLC,0"
"TLGA.U,0"
"TLGT,0"
"TLK,0"
"TLMD,0"
"TLMDW,0"
"TLND,0"
"TLRY,0"
"TLS,0"
"TLSA,0"
"TLYS,0"
"TM,0"
"TMDI,0"
"TMDX,0"
"TME,0"
"TMHC,0"
"TMKRU,0"
"TMO,0"
"TMPM,0"
"TMPMU,0"
"TMPMW,0"
"TMST,0"
"TMTS,0"
"TMTSU,0"
"TMTSW,0"
"TMUS,0"
"TMX,0"
"TNAV,0"
"TNC,0"
"TNDM,0"
"TNET,0"
"TNK,0"
"TNP,0"
"TNP.PRD,0"
"TNP.PRE,0"
"TNP.PRF,0"
"TNXP,0"
"TOL,0"
"TOMZ,0"
"TOPS,0"
"TOT,0"
"TOUR,0"
"TOWN,0"
"TPB,0"
"TPC,0"
"TPCO,0"
"TPGY,0"
"TPGY.U,0"
"TPGY.WS,0"
"TPH,0"
"TPIC,0"
"TPL,0"
"TPR,0"
"TPRE,0"
"TPTX,0"
"TPVG,0"
"TPVY,0"
"TPX,0"
"TPZ,0"
"TR,0"
"TRC,0"
"TRCH,0"
"TREB,0"
"TREB.U,0"
"TREB.WS,0"
"TREC,0"
"TREE,0"
"TREX,0"
"TRGP,0"
"TRHC,0"
"TRI,0"
"TRIB,0"
"TRIL,0"
"TRIN,0"
"TRIP,0"
"TRIT,0"
"TRITW,0"
"TRMB,0"
"TRMD,0"
"TRMK,0"
"TRMT,0"
"TRN,0"
"TRNO,0"
"TRNS,0"
"TROW,0"
"TROX,0"
"TRP,0"
"TRQ,0"
"TRS,0"
"TRST,0"
"TRTN,0"
"TRTN.PRA,0"
"TRTN.PRB,0"
"TRTN.PRC,0"
"TRTN.PRD,0"
"TRTX,0"
"TRU,0"
"TRUP,0"
"TRV,0"
"TRVG,0"
"TRVI,0"
"TRVN,0"
"TS,0"
"TSBK,0"
"TSC,0"
"TSCAP,0"
"TSCBP,0"
"TSCO,0"
"TSE,0"
"TSEM,0"
"TSHA,0"
"TSI,0"
"TSIA,0"
"TSIAU,0"
"TSIAW,0"
"TSLA,0"
"TSLX,0"
"TSM,0"
"TSN,0"
"TSQ,0"
"TSRI,0"
"TT,0"
"TTC,0"
"TTCF,0"
"TTCFW,0"
"TTD,0"
"TTEC,0"
"TTEK,0"
"TTGT,0"
"TTI,0"
"TTM,0"
"TTMI,0"
"TTNP,0"
"TTOO,0"
"TTP,0"
"TTWO,0"
"TU,0"
"TUFN,0"
"TUP,0"
"TURN,0"
"TUSK,0"
"TVACU,0"
"TVC,0"
"TVE,0"
"TVTX,0"
"TVTY,0"
"TW,0"
"TWCT,0"
"TWCTU,0"
"TWCTW,0"
"TWI,0"
"TWIN,0"
"TWLO,0"
"TWN,0"
"TWND,0"
"TWND.U,0"
"TWND.WS,0"
"TWNK,0"
"TWNKW,0"
"TWO.PRA,0"
"TWO.PRB,0"
"TWO.PRC,0"
"TWO.PRD,0"
"TWO.PRE,0"
"TWOU,0"
"TWST,0"
"TWTR,0"
"TX,0"
"TXG,0"
"TXMD,0"
"TXN,0"
"TXRH,0"
"TXT,0"
"TY,0"
"TY.PR,0"
"TYG,0"
"TYHT,0"
"TYL,0"
"TYME,0"
"TZOO,0"
"TZPSU,0"
"U,0"
"UA,0"
"UAA,0"
"UAL,0"
"UAN,0"
"UBA,0"
"UBCP,0"
"UBER,0"
"UBFO,0"
"UBOH,0"
"UBP,0"
"UBP.PRH,0"
"UBP.PRK,0"
"UBS,0"
"UBSI,0"
"UBX,0"
"UCBI,0"
"UCBIO,0"
"UCL,0"
"UCTT,0"
"UDR,0"
"UE,0"
"UEIC,0"
"UEPS,0"
"UFCS,0"
"UFI,0"
"UFPI,0"
"UFPT,0"
"UFS,0"
"UG,0"
"UGI,0"
"UGP,0"
"UGRO,0"
"UHAL,0"
"UHS,0"
"UHT,0"
"UI,0"
"UIHC,0"
"UIS,0"
"UKOMW,0"
"UL,0"
"ULBI,0"
"ULH,0"
"ULTA,0"
"UMBF,0"
"UMC,0"
"UMH,0"
"UMH.PRC,0"
"UMH.PRD,0"
"UMPQ,0"
"UNAM,0"
"UNB,0"
"UNF,0"
"UNFI,0"
"UNH,0"
"UNIT,0"
"UNM,0"
"UNMA,0"
"UNP,0"
"UNTY,0"
"UNVR,0"
"UONE,0"
"UONEK,0"
"UPLD,0"
"UPS,0"
"UPST,0"
"UPWK,0"
"URBN,0"
"URGN,0"
"URI,0"
"UROV,0"
"USAC,0"
"USAK,0"
"USAP,0"
"USAT,0"
"USAU,0"
"USB,0"
"USB.PRA,0"
"USB.PRH,0"
"USB.PRM,0"
"USB.PRP,0"
"USB.PRQ,0"
"USCR,0"
"USDP,0"
"USEG,0"
"USFD,0"
"USIO,0"
"USLM,0"
"USM,0"
"USNA,0"
"USPH,0"
"USWS,0"
"USWSW,0"
"USX,0"
"UTF,0"
"UTHR,0"
"UTI,0"
"UTL,0"
"UTMD,0"
"UTSI,0"
"UTZ,0"
"UVE,0"
"UVSP,0"
"UVV,0"
"UWMC,0"
"UWMC.WS,0"
"UXIN,0"
"UZA,0"
"UZB,0"
"UZC,0"
"UZD,0"
"UZE,0"
"V,0"
"VAC,0"
"VACQ,0"
"VACQU,0"
"VACQW,0"
"VALE,0"
"VALU,0"
"VAPO,0"
"VAR,0"
"VBF,0"
"VBFC,0"
"VBIV,0"
"VBLT,0"
"VBTX,0"
"VC,0"
"VCEL,0"
"VCIF,0"
"VCKAU,0"
"VCNX,0"
"VCRA,0"
"VCTR,0"
"VCV,0"
"VCVC,0"
"VCVCU,0"
"VCVCW,0"
"VCYT,0"
"VEC,0"
"VECO,0"
"VEDL,0"
"VEEV,0"
"VEL,0"
"VEON,0"
"VER,0"
"VER.PRF,0"
"VERB,0"
"VERBW,0"
"VERI,0"
"VERO,0"
"VERU,0"
"VERX,0"
"VERY,0"
"VET,0"
"VFC,0"
"VFF,0"
"VG,0"
"VGAC,0"
"VGAC.U,0"
"VGAC.WS,0"
"VGI,0"
"VGM,0"
"VGR,0"
"VHC,0"
"VHI,0"
"VIAC,0"
"VIACA,0"
"VIAO,0"
"VIAV,0"
"VICI,0"
"VICR,0"
"VIE,0"
"VIH,0"
"VIHAU,0"
"VIHAW,0"
"VIIAU,0"
"VINC,0"
"VINCU,0"
"VINCW,0"
"VINP,0"
"VIOT,0"
"VIPS,0"
"VIR,0"
"VIRC,0"
"VIRI,0"
"VIRT,0"
"VISL,0"
"VIST,0"
"VITL,0"
"VIV,0"
"VIVE,0"
"VIVO,0"
"VJET,0"
"VKQ,0"
"VKTX,0"
"VKTXW,0"
"VLDR,0"
"VLDRW,0"
"VLGEA,0"
"VLO,0"
"VLRS,0"
"VLT,0"
"VLY,0"
"VLYPO,0"
"VLYPP,0"
"VMAC,0"
"VMACU,0"
"VMACW,0"
"VMAR,0"
"VMC,0"
"VMD,0"
"VMI,0"
"VMO,0"
"VMW,0"
"VNCE,0"
"VNDA,0"
"VNE,0"
"VNET,0"
"VNO,0"
"VNO.PRK,0"
"VNO.PRL,0"
"VNO.PRM,0"
"VNO.PRN,0"
"VNOM,0"
"VNT,0"
"VNTR,0"
"VOC,0"
"VOD,0"
"VOSOU,0"
"VOXX,0"
"VOYA,0"
"VOYA.PRB,0"
"VPG,0"
"VPV,0"
"VRA,0"
"VRAY,0"
"VRCA,0"
"VRDN,0"
"VREX,0"
"VRM,0"
"VRME,0"
"VRMEW,0"
"VRNA,0"
"VRNS,0"
"VRNT,0"
"VRNTV,0"
"VRRM,0"
"VRS,0"
"VRSK,0"
"VRSN,0"
"VRT,0"
"VRTS,0"
"VRTU,0"
"VRTV,0"
"VRTX,0"
"VSAT,0"
"VSEC,0"
"VSH,0"
"VSPR,0"
"VSPRU,0"
"VSPRW,0"
"VSSYW,0"
"VST,0"
"VST.WS.A,0"
"VSTA,0"
"VSTM,0"
"VSTO,0"
"VTA,0"
"VTAQU,0"
"VTGN,0"
"VTIQU,0"
"VTN,0"
"VTNR,0"
"VTOL,0"
"VTR,0"
"VTRS,0"
"VTRU,0"
"VTSI,0"
"VTVT,0"
"VUZI,0"
"VVI,0"
"VVNT,0"
"VVOS,0"
"VVPR,0"
"VVR,0"
"VVV,0"
"VXRT,0"
"VYGG,0"
"VYGG.U,0"
"VYGG.WS,0"
"VYGR,0"
"VYNE,0"
"W,0"
"WAB,0"
"WABC,0"
"WAFD,0"
"WAFU,0"
"WAL,0"
"WALA,0"
"WASH,0"
"WAT,0"
"WATT,0"
"WB,0"
"WBA,0"
"WBAI,0"
"WBK,0"
"WBS,0"
"WBS.PRF,0"
"WBT,0"
"WCC,0"
"WCC.PRA,0"
"WCN,0"
"WD,0"
"WDAY,0"
"WDC,0"
"WDFC,0"
"WDR,0"
"WEA,0"
"WEC,0"
"WEI,0"
"WEN,0"
"WERN,0"
"WES,0"
"WETF,0"
"WEX,0"
"WEYS,0"
"WF,0"
"WFC,0"
"WFC.PRA,0"
"WFC.PRL,0"
"WFC.PRN,0"
"WFC.PRO,0"
"WFC.PRP,0"
"WFC.PRQ,0"
"WFC.PRR,0"
"WFC.PRW,0"
"WFC.PRX,0"
"WFC.PRY,0"
"WFC.PRZ,0"
"WGO,0"
"WH,0"
"WHD,0"
"WHF,0"
"WHFBZ,0"
"WHG,0"
"WHLM,0"
"WHLR,0"
"WHLRD,0"
"WHLRP,0"
"WHR,0"
"WIA,0"
"WIFI,0"
"WILC,0"
"WIMI,0"
"WINA,0"
"WING,0"
"WINT,0"
"WIRE,0"
"WISA,0"
"WISH,0"
"WIT,0"
"WIW,0"
"WIX,0"
"WK,0"
"WKEY,0"
"WKHS,0"
"WLDN,0"
"WLFC,0"
"WLK,0"
"WLKP,0"
"WLL,0"
"WLTW,0"
"WM,0"
"WMB,0"
"WMC,0"
"WMG,0"
"WMK,0"
"WMS,0"
"WMT,0"
"WNC,0"
"WNEB,0"
"WNS,0"
"WNW,0"
"WOOF,0"
"WOR,0"
"WORK,0"
"WORX,0"
"WOW,0"
"WPC,0"
"WPF,0"
"WPF.U,0"
"WPF.WS,0"
"WPG,0"
"WPG.PRH,0"
"WPG.PRI,0"
"WPM,0"
"WPP,0"
"WPRT,0"
"WRAP,0"
"WRB,0"
"WRB.PRC,0"
"WRB.PRD,0"
"WRB.PRE,0"
"WRB.PRF,0"
"WRB.PRG,0"
"WRE,0"
"WRI,0"
"WRK,0"
"WRLD,0"
"WSBC,0"
"WSBCP,0"
"WSBF,0"
"WSC,0"
"WSFS,0"
"WSG,0"
"WSM,0"
"WSO,0"
"WSO/B,0"
"WSR,0"
"WST,0"
"WSTG,0"
"WTBA,0"
"WTER,0"
"WTFC,0"
"WTFCM,0"
"WTFCP,0"
"WTI,0"
"WTM,0"
"WTRE,0"
"WTREP,0"
"WTRG,0"
"WTRH,0"
"WTRU,0"
"WTS,0"
"WTTR,0"
"WU,0"
"WVE,0"
"WVFC,0"
"WVVI,0"
"WVVIP,0"
"WW,0"
"WWD,0"
"WWE,0"
"WWR,0"
"WWW,0"
"WY,0"
"WYND,0"
"WYNN,0"
"XAIR,0"
"XAN,0"
"XAN.PRC,0"
"XBIO,0"
"XBIOW,0"
"XBIT,0"
"XCUR,0"
"XEC,0"
"XEL,0"
"XELA,0"
"XELB,0"
"XENE,0"
"XENT,0"
"XERS,0"
"XFLT,0"
"XFOR,0"
"XGN,0"
"XHR,0"
"XIN,0"
"XL,0"
"XL.WS,0"
"XLNX,0"
"XLRN,0"
"XM,0"
"XNCR,0"
"XNET,0"
"XOG,0"
"XOM,0"
"XOMA,0"
"XOMAP,0"
"XONE,0"
"XP,0"
"XPEL,0"
"XPER,0"
"XPEV,0"
"XPO,0"
"XPOA,0"
"XPOA.U,0"
"XPOA.WS,0"
"XRAY,0"
"XRX,0"
"XSPA,0"
"XTLB,0"
"XYF,0"
"XYL,0"
"Y,0"
"YAC,0"
"YAC.U,0"
"YAC.WS,0"
"YALA,0"
"YELP,0"
"YETI,0"
"YEXT,0"
"YGMZ,0"
"YI,0"
"YJ,0"
"YMAB,0"
"YMTX,0"
"YNDX,0"
"YORW,0"
"YPF,0"
"YQ,0"
"YRCW,0"
"YRD,0"
"YSAC,0"
"YSACU,0"
"YSACW,0"
"YSG,0"
"YTEN,0"
"YTRA,0"
"YUM,0"
"YUMC,0"
"YVR,0"
"YY,0"
"Z,0"
"ZAGG,0"
"ZBH,0"
"ZBRA,0"
"ZCMD,0"
"ZEAL,0"
"ZEN,0"
"ZEUS,0"
"ZG,0"
"ZGNX,0"
"ZGYH,0"
"ZGYHR,0"
"ZGYHU,0"
"ZGYHW,0"
"ZI,0"
"ZIM,0"
"ZION,0"
"ZIONL,0"
"ZIONN,0"
"ZIONO,0"
"ZIONP,0"
"ZIOP,0"
"ZIXI,0"
"ZKIN,0"
"ZLAB,0"
"ZM,0"
"ZNGA,0"
"ZNH,0"
"ZNTE,0"
"ZNTEU,0"
"ZNTEW,0"
"ZNTL,0"
"ZS,0"
"ZSAN,0"
"ZTO,0"
"ZTR,0"
"ZTS,0"
"ZUMZ,0"
"ZUO,0"
"ZVO,0"
"ZWRK,0"
"ZWRKU,0"
"ZWRKW,0"
"ZYME,0"
"ZYNE,0"
"ZYXI,0"
"SLV,0"
